[{"model": "service_development.voicelabel", "pk": 1, "fields": {"name": "Dutch language", "description": "Nederlandse taal"}}, {"model": "service_development.voicelabel", "pk": 2, "fields": {"name": "General error message", "description": ""}}, {"model": "service_development.voicelabel", "pk": 3, "fields": {"name": "This is the truth", "description": ""}}, {"model": "service_development.voicelabel", "pk": 4, "fields": {"name": "English language", "description": ""}}, {"model": "service_development.voicelabel", "pk": 5, "fields": {"name": "Thank you for using this service", "description": ""}}, {"model": "service_development.voicelabel", "pk": 6, "fields": {"name": "Wow, it must be a really boring guy!", "description": ""}}, {"model": "service_development.voicelabel", "pk": 7, "fields": {"name": "French language", "description": ""}}, {"model": "service_development.voicelabel", "pk": 8, "fields": {"name": "Please select your language", "description": ""}}, {"model": "service_development.voicelabel", "pk": 9, "fields": {"name": "Pre Choice Option", "description": ""}}, {"model": "service_development.voicelabel", "pk": 10, "fields": {"name": "Post Choice Option", "description": ""}}, {"model": "service_development.voicelabel", "pk": 11, "fields": {"name": "One", "description": ""}}, {"model": "service_development.voicelabel", "pk": 12, "fields": {"name": "Two", "description": ""}}, {"model": "service_development.voicelabel", "pk": 13, "fields": {"name": "Three", "description": ""}}, {"model": "service_development.voicelabel", "pk": 14, "fields": {"name": "Four", "description": ""}}, {"model": "service_development.voicelabel", "pk": 15, "fields": {"name": "Five", "description": ""}}, {"model": "service_development.voicelabel", "pk": 16, "fields": {"name": "Six", "description": ""}}, {"model": "service_development.voicelabel", "pk": 17, "fields": {"name": "Seven", "description": ""}}, {"model": "service_development.voicelabel", "pk": 18, "fields": {"name": "Eight", "description": ""}}, {"model": "service_development.voicelabel", "pk": 19, "fields": {"name": "Nine", "description": ""}}, {"model": "service_development.voicelabel", "pk": 20, "fields": {"name": "Zero", "description": ""}}, {"model": "service_development.voicelabel", "pk": 21, "fields": {"name": "Yes", "description": ""}}, {"model": "service_development.voicelabel", "pk": 22, "fields": {"name": "No", "description": ""}}, {"model": "service_development.voicelabel", "pk": 23, "fields": {"name": "Does the king like to drink beer?", "description": ""}}, {"model": "service_development.voicelabel", "pk": 25, "fields": {"name": "Please speak your message", "description": ""}}, {"model": "service_development.voicelabel", "pk": 26, "fields": {"name": "1 incident regarding child labor", "description": null}}, {"model": "service_development.voicelabel", "pk": 27, "fields": {"name": "3 initiatives regarding wages", "description": null}}, {"model": "service_development.voicelabel", "pk": 28, "fields": {"name": "Alpha", "description": null}}, {"model": "service_development.voicelabel", "pk": 29, "fields": {"name": "Beta", "description": null}}, {"model": "service_development.voicelabel", "pk": 31, "fields": {"name": "Bye", "description": null}}, {"model": "service_development.voicelabel", "pk": 32, "fields": {"name": "Category", "description": null}}, {"model": "service_development.voicelabel", "pk": 33, "fields": {"name": "Charlie", "description": null}}, {"model": "service_development.voicelabel", "pk": 34, "fields": {"name": "Child labor", "description": null}}, {"model": "service_development.voicelabel", "pk": 35, "fields": {"name": "Company", "description": null}}, {"model": "service_development.voicelabel", "pk": 36, "fields": {"name": "Company selected alpha", "description": null}}, {"model": "service_development.voicelabel", "pk": 37, "fields": {"name": "Company selected beta", "description": null}}, {"model": "service_development.voicelabel", "pk": 38, "fields": {"name": "Company selected charlie", "description": null}}, {"model": "service_development.voicelabel", "pk": 39, "fields": {"name": "Company selected delta", "description": null}}, {"model": "service_development.voicelabel", "pk": 40, "fields": {"name": "Confirm and submit", "description": null}}, {"model": "service_development.voicelabel", "pk": 41, "fields": {"name": "Delta", "description": null}}, {"model": "service_development.voicelabel", "pk": 42, "fields": {"name": "Discard this report", "description": null}}, {"model": "service_development.voicelabel", "pk": 43, "fields": {"name": "Do you want to restart vacarpa", "description": null}}, {"model": "service_development.voicelabel", "pk": 44, "fields": {"name": "Labor circumstances", "description": null}}, {"model": "service_development.voicelabel", "pk": 46, "fields": {"name": "Language selected is now english", "description": null}}, {"model": "service_development.voicelabel", "pk": 47, "fields": {"name": "Last month", "description": null}}, {"model": "service_development.voicelabel", "pk": 48, "fields": {"name": "Last year", "description": null}}, {"model": "service_development.voicelabel", "pk": 49, "fields": {"name": "Management", "description": null}}, {"model": "service_development.voicelabel", "pk": 51, "fields": {"name": "No VACARPA", "description": null}}, {"model": "service_development.voicelabel", "pk": 52, "fields": {"name": "Please select a company", "description": null}}, {"model": "service_development.voicelabel", "pk": 53, "fields": {"name": "Please select a region", "description": null}}, {"model": "service_development.voicelabel", "pk": 54, "fields": {"name": "Region1", "description": null}}, {"model": "service_development.voicelabel", "pk": 55, "fields": {"name": "Region2", "description": null}}, {"model": "service_development.voicelabel", "pk": 56, "fields": {"name": "Region", "description": null}}, {"model": "service_development.voicelabel", "pk": 57, "fields": {"name": "Region selected is region1", "description": null}}, {"model": "service_development.voicelabel", "pk": 58, "fields": {"name": "Region selected is region2", "description": null}}, {"model": "service_development.voicelabel", "pk": 59, "fields": {"name": "Report an incident", "description": null}}, {"model": "service_development.voicelabel", "pk": 60, "fields": {"name": "Report an initiative", "description": null}}, {"model": "service_development.voicelabel", "pk": 61, "fields": {"name": "Report category selected child labor", "description": null}}, {"model": "service_development.voicelabel", "pk": 62, "fields": {"name": "Report category selected labor circumstances", "description": null}}, {"model": "service_development.voicelabel", "pk": 63, "fields": {"name": "Report category selected managament", "description": null}}, {"model": "service_development.voicelabel", "pk": 64, "fields": {"name": "Report category selected sustainability", "description": null}}, {"model": "service_development.voicelabel", "pk": 65, "fields": {"name": "Report category selected wages", "description": null}}, {"model": "service_development.voicelabel", "pk": 66, "fields": {"name": "Report discarded", "description": null}}, {"model": "service_development.voicelabel", "pk": 67, "fields": {"name": "Report succesfully submitted", "description": null}}, {"model": "service_development.voicelabel", "pk": 68, "fields": {"name": "Retrieve report", "description": null}}, {"model": "service_development.voicelabel", "pk": 69, "fields": {"name": "Select one of the following incident report catgs", "description": null}}, {"model": "service_development.voicelabel", "pk": 70, "fields": {"name": "Select one of the following initiative report ctgs", "description": null}}, {"model": "service_development.voicelabel", "pk": 71, "fields": {"name": "Select time duration", "description": null}}, {"model": "service_development.voicelabel", "pk": 72, "fields": {"name": "Submit new report", "description": null}}, {"model": "service_development.voicelabel", "pk": 73, "fields": {"name": "Sustainability", "description": null}}, {"model": "service_development.voicelabel", "pk": 74, "fields": {"name": "Thankyou for using vacarpa", "description": null}}, {"model": "service_development.voicelabel", "pk": 75, "fields": {"name": "The reports of the last month are", "description": null}}, {"model": "service_development.voicelabel", "pk": 76, "fields": {"name": "The reports of the last year are", "description": null}}, {"model": "service_development.voicelabel", "pk": 77, "fields": {"name": "Type", "description": null}}, {"model": "service_development.voicelabel", "pk": 78, "fields": {"name": "Wages", "description": null}}, {"model": "service_development.voicelabel", "pk": 80, "fields": {"name": "Welcome to vacarpa", "description": null}}, {"model": "service_development.voicelabel", "pk": 81, "fields": {"name": "What do you want to do", "description": null}}, {"model": "service_development.voicelabel", "pk": 82, "fields": {"name": "Yes VACARPA", "description": null}}, {"model": "service_development.voicelabel", "pk": 83, "fields": {"name": "You are about to report an incident", "description": null}}, {"model": "service_development.voicelabel", "pk": 84, "fields": {"name": "You are about to report an initiative", "description": null}}, {"model": "service_development.voicelabel", "pk": 85, "fields": {"name": "You are about to submit an incident", "description": null}}, {"model": "service_development.voicelabel", "pk": 86, "fields": {"name": "You are about to submit an initiative", "description": null}}, {"model": "service_development.language", "pk": 1, "fields": {"name": "Nederlands", "code": "nl", "voice_label": 1, "error_message": 2, "select_language": 8, "pre_choice_option": 9, "post_choice_option": 10, "one": 11, "two": 12, "three": 13, "four": 14, "five": 15, "six": 16, "seven": 17, "eight": 18, "nine": 19, "zero": 20}}, {"model": "service_development.language", "pk": 2, "fields": {"name": "English", "code": "en", "voice_label": 4, "error_message": 2, "select_language": 8, "pre_choice_option": 9, "post_choice_option": 10, "one": 11, "two": 12, "three": 13, "four": 14, "five": 15, "six": 16, "seven": 17, "eight": 18, "nine": 19, "zero": 20}}, {"model": "service_development.language", "pk": 3, "fields": {"name": "Francais", "code": "fr", "voice_label": 7, "error_message": 2, "select_language": 8, "pre_choice_option": 9, "post_choice_option": 10, "one": 11, "two": 12, "three": 13, "four": 14, "five": 15, "six": 16, "seven": 17, "eight": 18, "nine": 19, "zero": 20}}, {"model": "service_development.voicefragment", "pk": 1, "fields": {"parent": 6, "language": 2, "audio": "boring_guy_en.wav"}}, {"model": "service_development.voicefragment", "pk": 2, "fields": {"parent": 6, "language": 1, "audio": "boring_guy_nl.wav"}}, {"model": "service_development.voicefragment", "pk": 6, "fields": {"parent": 22, "language": 1, "audio": "no_nl.wav"}}, {"model": "service_development.voicefragment", "pk": 7, "fields": {"parent": 22, "language": 2, "audio": "no_en.wav"}}, {"model": "service_development.voicefragment", "pk": 8, "fields": {"parent": 22, "language": 3, "audio": "no_fr.wav"}}, {"model": "service_development.voicefragment", "pk": 9, "fields": {"parent": 21, "language": 1, "audio": "yes_nl.wav"}}, {"model": "service_development.voicefragment", "pk": 10, "fields": {"parent": 21, "language": 2, "audio": "yes_en.wav"}}, {"model": "service_development.voicefragment", "pk": 11, "fields": {"parent": 21, "language": 3, "audio": "yes_fr.wav"}}, {"model": "service_development.voicefragment", "pk": 12, "fields": {"parent": 20, "language": 1, "audio": "0_nl.wav"}}, {"model": "service_development.voicefragment", "pk": 13, "fields": {"parent": 20, "language": 2, "audio": "0_en.wav"}}, {"model": "service_development.voicefragment", "pk": 14, "fields": {"parent": 20, "language": 3, "audio": "0_fr.wav"}}, {"model": "service_development.voicefragment", "pk": 15, "fields": {"parent": 19, "language": 1, "audio": "9_nl.wav"}}, {"model": "service_development.voicefragment", "pk": 16, "fields": {"parent": 19, "language": 2, "audio": "9_en.wav"}}, {"model": "service_development.voicefragment", "pk": 17, "fields": {"parent": 19, "language": 3, "audio": "9_fr.wav"}}, {"model": "service_development.voicefragment", "pk": 18, "fields": {"parent": 18, "language": 1, "audio": "8_nl.wav"}}, {"model": "service_development.voicefragment", "pk": 19, "fields": {"parent": 18, "language": 2, "audio": "8_en.wav"}}, {"model": "service_development.voicefragment", "pk": 20, "fields": {"parent": 18, "language": 3, "audio": "8_fr.wav"}}, {"model": "service_development.voicefragment", "pk": 21, "fields": {"parent": 17, "language": 1, "audio": "7_nl.wav"}}, {"model": "service_development.voicefragment", "pk": 22, "fields": {"parent": 17, "language": 2, "audio": "7_en.wav"}}, {"model": "service_development.voicefragment", "pk": 23, "fields": {"parent": 17, "language": 3, "audio": "7_fr.wav"}}, {"model": "service_development.voicefragment", "pk": 24, "fields": {"parent": 16, "language": 1, "audio": "6_nl.wav"}}, {"model": "service_development.voicefragment", "pk": 25, "fields": {"parent": 16, "language": 2, "audio": "6_en.wav"}}, {"model": "service_development.voicefragment", "pk": 26, "fields": {"parent": 16, "language": 3, "audio": "6_fr.wav"}}, {"model": "service_development.voicefragment", "pk": 27, "fields": {"parent": 15, "language": 1, "audio": "5_nl.wav"}}, {"model": "service_development.voicefragment", "pk": 28, "fields": {"parent": 15, "language": 2, "audio": "5_en.wav"}}, {"model": "service_development.voicefragment", "pk": 29, "fields": {"parent": 15, "language": 3, "audio": "5_fr.wav"}}, {"model": "service_development.voicefragment", "pk": 30, "fields": {"parent": 14, "language": 1, "audio": "4_nl.wav"}}, {"model": "service_development.voicefragment", "pk": 31, "fields": {"parent": 14, "language": 3, "audio": "4_fr.wav"}}, {"model": "service_development.voicefragment", "pk": 32, "fields": {"parent": 14, "language": 2, "audio": "4_en.wav"}}, {"model": "service_development.voicefragment", "pk": 33, "fields": {"parent": 13, "language": 1, "audio": "3_nl.wav"}}, {"model": "service_development.voicefragment", "pk": 34, "fields": {"parent": 13, "language": 2, "audio": "3_en.wav"}}, {"model": "service_development.voicefragment", "pk": 35, "fields": {"parent": 13, "language": 3, "audio": "3_fr.wav"}}, {"model": "service_development.voicefragment", "pk": 36, "fields": {"parent": 12, "language": 1, "audio": "2_nl.wav"}}, {"model": "service_development.voicefragment", "pk": 37, "fields": {"parent": 12, "language": 2, "audio": "2_en.wav"}}, {"model": "service_development.voicefragment", "pk": 38, "fields": {"parent": 12, "language": 3, "audio": "2_fr.wav"}}, {"model": "service_development.voicefragment", "pk": 39, "fields": {"parent": 11, "language": 1, "audio": "1_nl.wav"}}, {"model": "service_development.voicefragment", "pk": 40, "fields": {"parent": 11, "language": 2, "audio": "1_en.wav"}}, {"model": "service_development.voicefragment", "pk": 41, "fields": {"parent": 11, "language": 3, "audio": "1_fr.wav"}}, {"model": "service_development.voicefragment", "pk": 42, "fields": {"parent": 10, "language": 1, "audio": "post_choice_option_nl.wav"}}, {"model": "service_development.voicefragment", "pk": 43, "fields": {"parent": 10, "language": 2, "audio": "post_choice_option_en.wav"}}, {"model": "service_development.voicefragment", "pk": 44, "fields": {"parent": 10, "language": 3, "audio": "post_choice_option_fr.wav"}}, {"model": "service_development.voicefragment", "pk": 45, "fields": {"parent": 9, "language": 1, "audio": "pre_choice_option_nl.wav"}}, {"model": "service_development.voicefragment", "pk": 46, "fields": {"parent": 9, "language": 2, "audio": "pre_choice_option_en.wav"}}, {"model": "service_development.voicefragment", "pk": 47, "fields": {"parent": 9, "language": 3, "audio": "pre_choice_option_fr.wav"}}, {"model": "service_development.voicefragment", "pk": 48, "fields": {"parent": 8, "language": 1, "audio": "select_language_nl.wav"}}, {"model": "service_development.voicefragment", "pk": 49, "fields": {"parent": 8, "language": 2, "audio": "select_language_en.wav"}}, {"model": "service_development.voicefragment", "pk": 50, "fields": {"parent": 8, "language": 3, "audio": "select_language_fr.wav"}}, {"model": "service_development.voicefragment", "pk": 51, "fields": {"parent": 7, "language": 1, "audio": "french_nl.wav"}}, {"model": "service_development.voicefragment", "pk": 52, "fields": {"parent": 7, "language": 2, "audio": "french_en.wav"}}, {"model": "service_development.voicefragment", "pk": 53, "fields": {"parent": 7, "language": 3, "audio": "french_fr.wav"}}, {"model": "service_development.voicefragment", "pk": 54, "fields": {"parent": 6, "language": 3, "audio": "boring_guy_fr.wav"}}, {"model": "service_development.voicefragment", "pk": 55, "fields": {"parent": 5, "language": 1, "audio": "thank_you_for_using_nl.wav"}}, {"model": "service_development.voicefragment", "pk": 56, "fields": {"parent": 5, "language": 2, "audio": "thank_you_for_using_en.wav"}}, {"model": "service_development.voicefragment", "pk": 57, "fields": {"parent": 5, "language": 3, "audio": "thank_you_for_using_fr.wav"}}, {"model": "service_development.voicefragment", "pk": 58, "fields": {"parent": 4, "language": 1, "audio": "english_nl.wav"}}, {"model": "service_development.voicefragment", "pk": 59, "fields": {"parent": 4, "language": 2, "audio": "english_en.wav"}}, {"model": "service_development.voicefragment", "pk": 60, "fields": {"parent": 4, "language": 3, "audio": "english_fr.wav"}}, {"model": "service_development.voicefragment", "pk": 61, "fields": {"parent": 3, "language": 1, "audio": "truth_nl.wav"}}, {"model": "service_development.voicefragment", "pk": 62, "fields": {"parent": 3, "language": 2, "audio": "truth_en.wav"}}, {"model": "service_development.voicefragment", "pk": 63, "fields": {"parent": 3, "language": 3, "audio": "truth_fr.wav"}}, {"model": "service_development.voicefragment", "pk": 64, "fields": {"parent": 2, "language": 1, "audio": "error_nl.wav"}}, {"model": "service_development.voicefragment", "pk": 65, "fields": {"parent": 2, "language": 2, "audio": "error_en.wav"}}, {"model": "service_development.voicefragment", "pk": 66, "fields": {"parent": 2, "language": 3, "audio": "error_fr.wav"}}, {"model": "service_development.voicefragment", "pk": 67, "fields": {"parent": 1, "language": 1, "audio": "dutch_nl.wav"}}, {"model": "service_development.voicefragment", "pk": 68, "fields": {"parent": 1, "language": 2, "audio": "dutch_en.wav"}}, {"model": "service_development.voicefragment", "pk": 69, "fields": {"parent": 1, "language": 3, "audio": "dutch_fr.wav"}}, {"model": "service_development.voicefragment", "pk": 70, "fields": {"parent": 23, "language": 1, "audio": "king_question_nl.wav"}}, {"model": "service_development.voicefragment", "pk": 71, "fields": {"parent": 23, "language": 2, "audio": "king_question_en.wav"}}, {"model": "service_development.voicefragment", "pk": 72, "fields": {"parent": 23, "language": 3, "audio": "king_question_fr.wav"}}, {"model": "service_development.voicefragment", "pk": 74, "fields": {"parent": 25, "language": 3, "audio": "speakYourMessage.wav"}}, {"model": "service_development.voicefragment", "pk": 75, "fields": {"parent": 26, "language": 2, "audio": "1_incident_regarding_child_labor_en.wav"}}, {"model": "service_development.voicefragment", "pk": 76, "fields": {"parent": 27, "language": 2, "audio": "3_initiatives_regarding_wages_en.wav"}}, {"model": "service_development.voicefragment", "pk": 77, "fields": {"parent": 28, "language": 2, "audio": "alpha_en.wav"}}, {"model": "service_development.voicefragment", "pk": 78, "fields": {"parent": 29, "language": 2, "audio": "beta_en.wav"}}, {"model": "service_development.voicefragment", "pk": 80, "fields": {"parent": 31, "language": 2, "audio": "bye_en.wav"}}, {"model": "service_development.voicefragment", "pk": 81, "fields": {"parent": 32, "language": 2, "audio": "category_en.wav"}}, {"model": "service_development.voicefragment", "pk": 82, "fields": {"parent": 33, "language": 2, "audio": "charlie_en.wav"}}, {"model": "service_development.voicefragment", "pk": 83, "fields": {"parent": 34, "language": 2, "audio": "child_labor_en.wav"}}, {"model": "service_development.voicefragment", "pk": 84, "fields": {"parent": 35, "language": 2, "audio": "company_en.wav"}}, {"model": "service_development.voicefragment", "pk": 85, "fields": {"parent": 36, "language": 2, "audio": "company_selected_alpha_en.wav"}}, {"model": "service_development.voicefragment", "pk": 86, "fields": {"parent": 37, "language": 2, "audio": "company_selected_beta_en.wav"}}, {"model": "service_development.voicefragment", "pk": 87, "fields": {"parent": 38, "language": 2, "audio": "company_selected_charlie_en.wav"}}, {"model": "service_development.voicefragment", "pk": 88, "fields": {"parent": 39, "language": 2, "audio": "company_selected_delta_en.wav"}}, {"model": "service_development.voicefragment", "pk": 89, "fields": {"parent": 40, "language": 2, "audio": "confirm_and_submit_en.wav"}}, {"model": "service_development.voicefragment", "pk": 90, "fields": {"parent": 41, "language": 2, "audio": "delta_en.wav"}}, {"model": "service_development.voicefragment", "pk": 91, "fields": {"parent": 42, "language": 2, "audio": "discard_this_report_en.wav"}}, {"model": "service_development.voicefragment", "pk": 92, "fields": {"parent": 43, "language": 2, "audio": "do_you_want_to_restart_vacarpa_en.wav"}}, {"model": "service_development.voicefragment", "pk": 93, "fields": {"parent": 44, "language": 2, "audio": "labor_circumstances_en.wav"}}, {"model": "service_development.voicefragment", "pk": 95, "fields": {"parent": 46, "language": 2, "audio": "language_selected_is_now_english_en.wav"}}, {"model": "service_development.voicefragment", "pk": 96, "fields": {"parent": 47, "language": 2, "audio": "last_month_en.wav"}}, {"model": "service_development.voicefragment", "pk": 97, "fields": {"parent": 48, "language": 2, "audio": "last_year_en.wav"}}, {"model": "service_development.voicefragment", "pk": 98, "fields": {"parent": 49, "language": 2, "audio": "management_en.wav"}}, {"model": "service_development.voicefragment", "pk": 100, "fields": {"parent": 51, "language": 2, "audio": "no_en_oht4Ac5.wav"}}, {"model": "service_development.voicefragment", "pk": 101, "fields": {"parent": 52, "language": 2, "audio": "please_select_a_company_en.wav"}}, {"model": "service_development.voicefragment", "pk": 102, "fields": {"parent": 53, "language": 2, "audio": "please_select_a_region_en.wav"}}, {"model": "service_development.voicefragment", "pk": 103, "fields": {"parent": 54, "language": 2, "audio": "region1_en.wav"}}, {"model": "service_development.voicefragment", "pk": 104, "fields": {"parent": 55, "language": 2, "audio": "region2_en.wav"}}, {"model": "service_development.voicefragment", "pk": 105, "fields": {"parent": 56, "language": 2, "audio": "region_en.wav"}}, {"model": "service_development.voicefragment", "pk": 106, "fields": {"parent": 57, "language": 2, "audio": "region_selected_is_region1_en.wav"}}, {"model": "service_development.voicefragment", "pk": 107, "fields": {"parent": 58, "language": 2, "audio": "region_selected_is_region2_en.wav"}}, {"model": "service_development.voicefragment", "pk": 108, "fields": {"parent": 59, "language": 2, "audio": "report_an_incident_en.wav"}}, {"model": "service_development.voicefragment", "pk": 109, "fields": {"parent": 60, "language": 2, "audio": "report_an_initiative_en.wav"}}, {"model": "service_development.voicefragment", "pk": 110, "fields": {"parent": 61, "language": 2, "audio": "report_category_selected_child_labor_en.wav"}}, {"model": "service_development.voicefragment", "pk": 111, "fields": {"parent": 62, "language": 2, "audio": "report_category_selected_labor_circumstances_en.wav"}}, {"model": "service_development.voicefragment", "pk": 112, "fields": {"parent": 63, "language": 2, "audio": "report_category_selected_managament_en.wav"}}, {"model": "service_development.voicefragment", "pk": 113, "fields": {"parent": 64, "language": 2, "audio": "report_category_selected_sustainability_en.wav"}}, {"model": "service_development.voicefragment", "pk": 114, "fields": {"parent": 65, "language": 2, "audio": "report_category_selected_wages_en.wav"}}, {"model": "service_development.voicefragment", "pk": 115, "fields": {"parent": 66, "language": 2, "audio": "report_discarded_en.wav"}}, {"model": "service_development.voicefragment", "pk": 116, "fields": {"parent": 67, "language": 2, "audio": "report_succesfully_submitted_en.wav"}}, {"model": "service_development.voicefragment", "pk": 117, "fields": {"parent": 68, "language": 2, "audio": "retrieve_report_en.wav"}}, {"model": "service_development.voicefragment", "pk": 118, "fields": {"parent": 69, "language": 2, "audio": "select_one_of_the_following_incident_report_categories_en.wav"}}, {"model": "service_development.voicefragment", "pk": 119, "fields": {"parent": 70, "language": 2, "audio": "select_one_of_the_following_initiative_report_category_en.wav"}}, {"model": "service_development.voicefragment", "pk": 120, "fields": {"parent": 71, "language": 2, "audio": "select_time_duration_en.wav"}}, {"model": "service_development.voicefragment", "pk": 121, "fields": {"parent": 72, "language": 2, "audio": "submit_new_report_en.wav"}}, {"model": "service_development.voicefragment", "pk": 122, "fields": {"parent": 73, "language": 2, "audio": "sustainability_initiative_en.wav"}}, {"model": "service_development.voicefragment", "pk": 123, "fields": {"parent": 74, "language": 2, "audio": "thankyou_for_using_vacarpa_en.wav"}}, {"model": "service_development.voicefragment", "pk": 124, "fields": {"parent": 75, "language": 2, "audio": "the_reports_of_the_last_month_are_en.wav"}}, {"model": "service_development.voicefragment", "pk": 125, "fields": {"parent": 76, "language": 2, "audio": "the_reports_of_the_last_year_are_en.wav"}}, {"model": "service_development.voicefragment", "pk": 126, "fields": {"parent": 77, "language": 2, "audio": "type_en.wav"}}, {"model": "service_development.voicefragment", "pk": 127, "fields": {"parent": 78, "language": 2, "audio": "wages_en.wav"}}, {"model": "service_development.voicefragment", "pk": 129, "fields": {"parent": 80, "language": 2, "audio": "welcome_to_vacarpa_en.wav"}}, {"model": "service_development.voicefragment", "pk": 130, "fields": {"parent": 81, "language": 2, "audio": "what_do_you_want_to_do_en.wav"}}, {"model": "service_development.voicefragment", "pk": 131, "fields": {"parent": 82, "language": 2, "audio": "yes_en_FNjDVUp.wav"}}, {"model": "service_development.voicefragment", "pk": 132, "fields": {"parent": 83, "language": 2, "audio": "you_are_about_to_report_an_incident_en.wav"}}, {"model": "service_development.voicefragment", "pk": 133, "fields": {"parent": 84, "language": 2, "audio": "you_are_about_to_report_an_initiative_en.wav"}}, {"model": "service_development.voicefragment", "pk": 134, "fields": {"parent": 85, "language": 2, "audio": "you_are_about_to_submit_an_incident_en.wav"}}, {"model": "service_development.voicefragment", "pk": 135, "fields": {"parent": 86, "language": 2, "audio": "you_are_about_to_submit_an_initiative_en.wav"}}, {"model": "service_development.voicefragment", "pk": 136, "fields": {"parent": 26, "language": 3, "audio": "1_incident_regarding_child_labor_fr_815TYhD.wav"}}, {"model": "service_development.voicefragment", "pk": 137, "fields": {"parent": 27, "language": 3, "audio": "3_initiatives_regarding_wages_fr.wav"}}, {"model": "service_development.voicefragment", "pk": 138, "fields": {"parent": 28, "language": 3, "audio": "alpha_fr.wav"}}, {"model": "service_development.voicefragment", "pk": 139, "fields": {"parent": 29, "language": 3, "audio": "beta_fr.wav"}}, {"model": "service_development.voicefragment", "pk": 140, "fields": {"parent": 31, "language": 3, "audio": "bye_fr.wav"}}, {"model": "service_development.voicefragment", "pk": 141, "fields": {"parent": 32, "language": 3, "audio": "category_fr.wav"}}, {"model": "service_development.voicefragment", "pk": 142, "fields": {"parent": 33, "language": 3, "audio": "charlie_fr.wav"}}, {"model": "service_development.voicefragment", "pk": 143, "fields": {"parent": 34, "language": 3, "audio": "child_labor_fr.wav"}}, {"model": "service_development.voicefragment", "pk": 144, "fields": {"parent": 35, "language": 3, "audio": "company_fr.wav"}}, {"model": "service_development.voicefragment", "pk": 145, "fields": {"parent": 36, "language": 3, "audio": "company_selected_alpha_fr.wav"}}, {"model": "service_development.voicefragment", "pk": 146, "fields": {"parent": 37, "language": 3, "audio": "company_selected_beta_fr.wav"}}, {"model": "service_development.voicefragment", "pk": 147, "fields": {"parent": 38, "language": 3, "audio": "company_selected_charlie_fr.wav"}}, {"model": "service_development.voicefragment", "pk": 148, "fields": {"parent": 39, "language": 3, "audio": "company_selected_delta_fr.wav"}}, {"model": "service_development.voicefragment", "pk": 149, "fields": {"parent": 40, "language": 3, "audio": "confirm_and_submit_fr.wav"}}, {"model": "service_development.voicefragment", "pk": 150, "fields": {"parent": 41, "language": 3, "audio": "delta_fr.wav"}}, {"model": "service_development.voicefragment", "pk": 151, "fields": {"parent": 42, "language": 3, "audio": "discard_this_report_fr.wav"}}, {"model": "service_development.voicefragment", "pk": 152, "fields": {"parent": 43, "language": 3, "audio": "do_you_want_to_restart_vacarpa_fr.wav"}}, {"model": "service_development.voicefragment", "pk": 153, "fields": {"parent": 44, "language": 3, "audio": "labor_circumstances_fr.wav"}}, {"model": "service_development.voicefragment", "pk": 154, "fields": {"parent": 47, "language": 3, "audio": "last_month_fr.wav"}}, {"model": "service_development.voicefragment", "pk": 155, "fields": {"parent": 48, "language": 3, "audio": "last_year_fr.wav"}}, {"model": "service_development.voicefragment", "pk": 156, "fields": {"parent": 49, "language": 3, "audio": "management_fr.wav"}}, {"model": "service_development.voicefragment", "pk": 157, "fields": {"parent": 51, "language": 3, "audio": "no_fr_SWnKO8L.wav"}}, {"model": "service_development.voicefragment", "pk": 158, "fields": {"parent": 52, "language": 3, "audio": "please_select_a_company_fr.wav"}}, {"model": "service_development.voicefragment", "pk": 159, "fields": {"parent": 53, "language": 3, "audio": "please_select_a_region_fr.wav"}}, {"model": "service_development.voicefragment", "pk": 160, "fields": {"parent": 54, "language": 3, "audio": "region_1_fr.wav"}}, {"model": "service_development.voicefragment", "pk": 161, "fields": {"parent": 55, "language": 3, "audio": "region_2_fr.wav"}}, {"model": "service_development.voicefragment", "pk": 162, "fields": {"parent": 56, "language": 3, "audio": "region_fr.wav"}}, {"model": "service_development.voicefragment", "pk": 163, "fields": {"parent": 57, "language": 3, "audio": "region_selected_is_now_region_1_fr.wav"}}, {"model": "service_development.voicefragment", "pk": 164, "fields": {"parent": 58, "language": 3, "audio": "region_selected_is_now_region_2_fr.wav"}}, {"model": "service_development.voicefragment", "pk": 165, "fields": {"parent": 59, "language": 3, "audio": "report_an_incident_fr.wav"}}, {"model": "service_development.voicefragment", "pk": 166, "fields": {"parent": 60, "language": 3, "audio": "report_an_initiative_fr.wav"}}, {"model": "service_development.voicefragment", "pk": 167, "fields": {"parent": 61, "language": 3, "audio": "report_category_selected_is_now_child_labor_fr.wav"}}, {"model": "service_development.voicefragment", "pk": 168, "fields": {"parent": 62, "language": 3, "audio": "report_category_selected_is_now_labor_circumstances_fr.wav"}}, {"model": "service_development.voicefragment", "pk": 169, "fields": {"parent": 63, "language": 3, "audio": "report_category_selected_is_now_management_fr.wav"}}, {"model": "service_development.voicefragment", "pk": 170, "fields": {"parent": 64, "language": 3, "audio": "report_category_selected_is_now_sustainability_fr.wav"}}, {"model": "service_development.voicefragment", "pk": 171, "fields": {"parent": 65, "language": 3, "audio": "report_category_selected_is_now_wages_fr.wav"}}, {"model": "service_development.voicefragment", "pk": 172, "fields": {"parent": 66, "language": 3, "audio": "report_discarded_fr.wav"}}, {"model": "service_development.voicefragment", "pk": 173, "fields": {"parent": 67, "language": 3, "audio": "report_successfully_submitted_fr.wav"}}, {"model": "service_development.voicefragment", "pk": 174, "fields": {"parent": 68, "language": 3, "audio": "retrieve_report_fr.wav"}}, {"model": "service_development.voicefragment", "pk": 175, "fields": {"parent": 69, "language": 3, "audio": "select_one_of_the_following_incident_report_categories_fr.wav"}}, {"model": "service_development.voicefragment", "pk": 176, "fields": {"parent": 70, "language": 3, "audio": "select_one_of_the_following_initiative_report_categories_fr.wav"}}, {"model": "service_development.voicefragment", "pk": 177, "fields": {"parent": 71, "language": 3, "audio": "select_the_time_duration_fr.wav"}}, {"model": "service_development.voicefragment", "pk": 178, "fields": {"parent": 72, "language": 3, "audio": "submit_new_report_fr.wav"}}, {"model": "service_development.voicefragment", "pk": 179, "fields": {"parent": 73, "language": 3, "audio": "sustainability_fr.wav"}}, {"model": "service_development.voicefragment", "pk": 180, "fields": {"parent": 74, "language": 3, "audio": "thankyou_for_using_vacarpa_fr.wav"}}, {"model": "service_development.voicefragment", "pk": 181, "fields": {"parent": 75, "language": 3, "audio": "the_reports_of_the_last_month_are_fr.wav"}}, {"model": "service_development.voicefragment", "pk": 182, "fields": {"parent": 76, "language": 3, "audio": "the_reports_of_the_last_year_are_fr.wav"}}, {"model": "service_development.voicefragment", "pk": 183, "fields": {"parent": 77, "language": 3, "audio": "type_fr.wav"}}, {"model": "service_development.voicefragment", "pk": 184, "fields": {"parent": 78, "language": 3, "audio": "wages_fr.wav"}}, {"model": "service_development.voicefragment", "pk": 186, "fields": {"parent": 80, "language": 3, "audio": "welcome_to_vacarpa_fr_Ge1dFFs.wav"}}, {"model": "service_development.voicefragment", "pk": 187, "fields": {"parent": 81, "language": 3, "audio": "what_do_you_want_to_do_fr.wav"}}, {"model": "service_development.voicefragment", "pk": 188, "fields": {"parent": 82, "language": 3, "audio": "yes_fr_SjKnEmv.wav"}}, {"model": "service_development.voicefragment", "pk": 189, "fields": {"parent": 83, "language": 3, "audio": "you_are_about_to_report_an_incident_fr.wav"}}, {"model": "service_development.voicefragment", "pk": 190, "fields": {"parent": 84, "language": 3, "audio": "you_are_about_to_report_an_initiative_fr.wav"}}, {"model": "service_development.voicefragment", "pk": 191, "fields": {"parent": 85, "language": 3, "audio": "you_are_about_to_submit_an_incident_fr.wav"}}, {"model": "service_development.voicefragment", "pk": 192, "fields": {"parent": 86, "language": 3, "audio": "you_are_about_to_submit_an_initiative_fr.wav"}}, {"model": "service_development.voiceservicesubelement", "pk": 2, "fields": {"service": 1, "creation_date": "2017-04-23T19:30:23.792Z", "modification_date": "2018-02-16T16:42:26.402Z", "name": "Does the king like to drink beer?", "description": "", "voice_label": 23}}, {"model": "service_development.voiceservicesubelement", "pk": 3, "fields": {"service": 1, "creation_date": "2017-04-23T19:32:07.853Z", "modification_date": "2018-01-25T14:35:48.977Z", "name": "Yes", "description": "King <3's BEER", "voice_label": 21}}, {"model": "service_development.voiceservicesubelement", "pk": 4, "fields": {"service": 1, "creation_date": "2017-04-23T19:32:07.854Z", "modification_date": "2018-02-16T16:42:26.405Z", "name": "No", "description": "", "voice_label": 22}}, {"model": "service_development.voiceservicesubelement", "pk": 5, "fields": {"service": 1, "creation_date": "2017-04-23T19:49:50.055Z", "modification_date": "2018-02-16T16:42:51.484Z", "name": "This is the truth", "description": "", "voice_label": 3}}, {"model": "service_development.voiceservicesubelement", "pk": 6, "fields": {"service": 1, "creation_date": "2017-04-23T21:11:06.805Z", "modification_date": "2017-04-23T21:33:29.853Z", "name": "Thank you for using this service", "description": "", "voice_label": 5}}, {"model": "service_development.voiceservicesubelement", "pk": 7, "fields": {"service": 1, "creation_date": "2017-04-23T21:36:55.756Z", "modification_date": "2017-04-23T21:36:55.756Z", "name": "King is boring", "description": "", "voice_label": 6}}, {"model": "service_development.voiceservicesubelement", "pk": 8, "fields": {"service": 2, "creation_date": "2020-04-29T12:32:26.267Z", "modification_date": "2020-04-29T12:35:12.289Z", "name": "Thank you for using VACARPA", "description": "", "voice_label": 74}}, {"model": "service_development.voiceservicesubelement", "pk": 9, "fields": {"service": 2, "creation_date": "2020-04-29T12:35:02.800Z", "modification_date": "2020-04-29T12:35:02.800Z", "name": "Bye", "description": "", "voice_label": 31}}, {"model": "service_development.voiceservicesubelement", "pk": 10, "fields": {"service": 2, "creation_date": "2020-04-29T12:36:37.605Z", "modification_date": "2020-04-29T13:59:17.530Z", "name": "Select a region", "description": "", "voice_label": 53}}, {"model": "service_development.voiceservicesubelement", "pk": 11, "fields": {"service": 2, "creation_date": "2020-04-29T12:36:37.606Z", "modification_date": "2020-04-29T13:59:17.532Z", "name": "Region 1", "description": "", "voice_label": 54}}, {"model": "service_development.voiceservicesubelement", "pk": 12, "fields": {"service": 2, "creation_date": "2020-04-29T12:36:37.607Z", "modification_date": "2020-04-29T13:59:17.533Z", "name": "Region 2", "description": "", "voice_label": 55}}, {"model": "service_development.voiceservicesubelement", "pk": 13, "fields": {"service": 2, "creation_date": "2020-04-29T12:38:00.564Z", "modification_date": "2020-04-29T13:59:52.661Z", "name": "Select a company in Region 1", "description": "", "voice_label": 52}}, {"model": "service_development.voiceservicesubelement", "pk": 14, "fields": {"service": 2, "creation_date": "2020-04-29T12:38:00.566Z", "modification_date": "2020-04-29T13:59:52.663Z", "name": "Alpha", "description": "", "voice_label": 28}}, {"model": "service_development.voiceservicesubelement", "pk": 15, "fields": {"service": 2, "creation_date": "2020-04-29T12:38:00.567Z", "modification_date": "2020-04-29T13:59:52.664Z", "name": "Beta", "description": "", "voice_label": 29}}, {"model": "service_development.voiceservicesubelement", "pk": 16, "fields": {"service": 2, "creation_date": "2020-04-29T12:38:43.846Z", "modification_date": "2020-04-29T14:00:04.919Z", "name": "Select a company in Region 2", "description": "", "voice_label": 52}}, {"model": "service_development.voiceservicesubelement", "pk": 17, "fields": {"service": 2, "creation_date": "2020-04-29T12:38:43.848Z", "modification_date": "2020-04-29T14:00:04.921Z", "name": "Charlie", "description": "", "voice_label": 33}}, {"model": "service_development.voiceservicesubelement", "pk": 18, "fields": {"service": 2, "creation_date": "2020-04-29T12:38:43.849Z", "modification_date": "2020-04-29T14:00:04.922Z", "name": "Delta", "description": "", "voice_label": 41}}, {"model": "service_development.voiceservicesubelement", "pk": 19, "fields": {"service": 2, "creation_date": "2020-04-29T12:39:49.473Z", "modification_date": "2020-04-29T14:00:55.462Z", "name": "What do you want to do", "description": "", "voice_label": 81}}, {"model": "service_development.voiceservicesubelement", "pk": 20, "fields": {"service": 2, "creation_date": "2020-04-29T12:39:49.476Z", "modification_date": "2020-04-29T14:00:55.464Z", "name": "Retrieve reports", "description": "", "voice_label": 68}}, {"model": "service_development.voiceservicesubelement", "pk": 21, "fields": {"service": 2, "creation_date": "2020-04-29T12:39:49.480Z", "modification_date": "2020-04-29T14:00:55.465Z", "name": "Submit new report", "description": "", "voice_label": 72}}, {"model": "service_development.voiceservicesubelement", "pk": 22, "fields": {"service": 2, "creation_date": "2020-04-29T12:40:51.143Z", "modification_date": "2020-04-29T14:01:09.863Z", "name": "Select time duration for retrieving reports", "description": "", "voice_label": 71}}, {"model": "service_development.voiceservicesubelement", "pk": 23, "fields": {"service": 2, "creation_date": "2020-04-29T12:40:51.153Z", "modification_date": "2020-04-29T14:01:09.865Z", "name": "Last month", "description": "", "voice_label": 47}}, {"model": "service_development.voiceservicesubelement", "pk": 24, "fields": {"service": 2, "creation_date": "2020-04-29T12:40:51.154Z", "modification_date": "2020-04-29T14:01:09.866Z", "name": "Last year", "description": "", "voice_label": 48}}, {"model": "service_development.voiceservicesubelement", "pk": 25, "fields": {"service": 2, "creation_date": "2020-04-29T12:41:39.287Z", "modification_date": "2020-04-29T14:01:39.469Z", "name": "Do you want to restart vacarpa", "description": "", "voice_label": 43}}, {"model": "service_development.voiceservicesubelement", "pk": 26, "fields": {"service": 2, "creation_date": "2020-04-29T12:41:39.288Z", "modification_date": "2020-04-29T14:01:39.472Z", "name": "Yes", "description": "", "voice_label": 82}}, {"model": "service_development.voiceservicesubelement", "pk": 27, "fields": {"service": 2, "creation_date": "2020-04-29T12:41:39.289Z", "modification_date": "2020-04-29T14:01:39.473Z", "name": "No", "description": "", "voice_label": 51}}, {"model": "service_development.voiceservicesubelement", "pk": 28, "fields": {"service": 2, "creation_date": "2020-04-29T12:45:45.505Z", "modification_date": "2020-04-29T14:02:06.900Z", "name": "Select report type (incident or initiative)", "description": "", "voice_label": 81}}, {"model": "service_development.voiceservicesubelement", "pk": 29, "fields": {"service": 2, "creation_date": "2020-04-29T12:45:45.506Z", "modification_date": "2020-04-29T14:02:06.902Z", "name": "Report an incident", "description": "", "voice_label": 59}}, {"model": "service_development.voiceservicesubelement", "pk": 30, "fields": {"service": 2, "creation_date": "2020-04-29T12:45:45.508Z", "modification_date": "2020-04-29T14:02:06.903Z", "name": "Report an initiative", "description": "", "voice_label": 60}}, {"model": "service_development.voiceservicesubelement", "pk": 31, "fields": {"service": 2, "creation_date": "2020-04-29T12:49:24.709Z", "modification_date": "2020-04-29T14:02:34.475Z", "name": "Select incident report category", "description": "", "voice_label": 69}}, {"model": "service_development.voiceservicesubelement", "pk": 32, "fields": {"service": 2, "creation_date": "2020-04-29T12:49:24.710Z", "modification_date": "2020-04-29T14:02:34.478Z", "name": "Wages", "description": "", "voice_label": 78}}, {"model": "service_development.voiceservicesubelement", "pk": 33, "fields": {"service": 2, "creation_date": "2020-04-29T12:49:24.711Z", "modification_date": "2020-04-29T14:02:34.479Z", "name": "Labor circumstances", "description": "", "voice_label": 44}}, {"model": "service_development.voiceservicesubelement", "pk": 34, "fields": {"service": 2, "creation_date": "2020-04-29T12:49:24.712Z", "modification_date": "2020-04-29T14:02:34.481Z", "name": "Child labor", "description": "", "voice_label": 34}}, {"model": "service_development.voiceservicesubelement", "pk": 35, "fields": {"service": 2, "creation_date": "2020-04-29T12:49:24.713Z", "modification_date": "2020-04-29T14:02:34.482Z", "name": "Management", "description": "", "voice_label": 49}}, {"model": "service_development.voiceservicesubelement", "pk": 36, "fields": {"service": 2, "creation_date": "2020-04-29T12:52:26.476Z", "modification_date": "2020-04-29T14:03:18.570Z", "name": "Select initiative report category", "description": "", "voice_label": 70}}, {"model": "service_development.voiceservicesubelement", "pk": 37, "fields": {"service": 2, "creation_date": "2020-04-29T12:52:26.479Z", "modification_date": "2020-04-29T14:03:18.572Z", "name": "Wages", "description": "", "voice_label": 78}}, {"model": "service_development.voiceservicesubelement", "pk": 38, "fields": {"service": 2, "creation_date": "2020-04-29T12:52:26.483Z", "modification_date": "2020-04-29T14:03:18.573Z", "name": "Labor circumstances", "description": "", "voice_label": 44}}, {"model": "service_development.voiceservicesubelement", "pk": 39, "fields": {"service": 2, "creation_date": "2020-04-29T12:52:26.483Z", "modification_date": "2020-04-29T14:03:18.574Z", "name": "Management", "description": "", "voice_label": 49}}, {"model": "service_development.voiceservicesubelement", "pk": 40, "fields": {"service": 2, "creation_date": "2020-04-29T12:56:09.204Z", "modification_date": "2020-04-29T14:03:33.290Z", "name": "Confirm or discard incident", "description": "", "voice_label": 85}}, {"model": "service_development.voiceservicesubelement", "pk": 41, "fields": {"service": 2, "creation_date": "2020-04-29T12:56:09.205Z", "modification_date": "2020-04-29T14:03:33.292Z", "name": "Confirm and submit", "description": "", "voice_label": 40}}, {"model": "service_development.voiceservicesubelement", "pk": 42, "fields": {"service": 2, "creation_date": "2020-04-29T12:56:09.208Z", "modification_date": "2020-04-29T14:03:33.294Z", "name": "Discard this report", "description": "", "voice_label": 42}}, {"model": "service_development.voiceservicesubelement", "pk": 43, "fields": {"service": 2, "creation_date": "2020-04-29T12:56:42.004Z", "modification_date": "2020-04-29T14:03:50.550Z", "name": "Confirm or discard initiative", "description": "", "voice_label": 86}}, {"model": "service_development.voiceservicesubelement", "pk": 44, "fields": {"service": 2, "creation_date": "2020-04-29T12:56:42.006Z", "modification_date": "2020-04-29T14:03:50.552Z", "name": "Confirm and submit", "description": "", "voice_label": 40}}, {"model": "service_development.voiceservicesubelement", "pk": 45, "fields": {"service": 2, "creation_date": "2020-04-29T12:56:42.007Z", "modification_date": "2020-04-29T14:03:50.553Z", "name": "Discard this report", "description": "", "voice_label": 42}}, {"model": "service_development.voiceservicesubelement", "pk": 46, "fields": {"service": 2, "creation_date": "2020-04-29T12:57:46.275Z", "modification_date": "2020-04-29T12:57:46.275Z", "name": "Confirm selection Region 1", "description": "", "voice_label": 57}}, {"model": "service_development.voiceservicesubelement", "pk": 47, "fields": {"service": 2, "creation_date": "2020-04-29T12:58:01.165Z", "modification_date": "2020-04-29T12:58:01.165Z", "name": "Confirm selection Region 2", "description": "", "voice_label": 58}}, {"model": "service_development.voiceservicesubelement", "pk": 48, "fields": {"service": 2, "creation_date": "2020-04-29T12:58:51.749Z", "modification_date": "2020-04-29T12:58:51.749Z", "name": "Confirm selection Alpha", "description": "", "voice_label": 36}}, {"model": "service_development.voiceservicesubelement", "pk": 49, "fields": {"service": 2, "creation_date": "2020-04-29T12:59:07.798Z", "modification_date": "2020-04-29T12:59:07.798Z", "name": "Confirm selection Beta", "description": "", "voice_label": 37}}, {"model": "service_development.voiceservicesubelement", "pk": 50, "fields": {"service": 2, "creation_date": "2020-04-29T12:59:23.293Z", "modification_date": "2020-04-29T12:59:23.293Z", "name": "Confirm selection Charlie", "description": "", "voice_label": 38}}, {"model": "service_development.voiceservicesubelement", "pk": 51, "fields": {"service": 2, "creation_date": "2020-04-29T12:59:40.268Z", "modification_date": "2020-04-29T14:07:11.898Z", "name": "Confirm selection Delta", "description": "", "voice_label": 39}}, {"model": "service_development.voiceservicesubelement", "pk": 52, "fields": {"service": 2, "creation_date": "2020-04-29T13:43:52.853Z", "modification_date": "2020-04-29T13:43:52.853Z", "name": "Confirm selection report type incident", "description": "", "voice_label": 83}}, {"model": "service_development.voiceservicesubelement", "pk": 53, "fields": {"service": 2, "creation_date": "2020-04-29T13:44:12.297Z", "modification_date": "2020-04-29T13:44:12.297Z", "name": "Confirm selection report type initiative", "description": "", "voice_label": 84}}, {"model": "service_development.voiceservicesubelement", "pk": 54, "fields": {"service": 2, "creation_date": "2020-04-29T13:45:43.092Z", "modification_date": "2020-04-29T13:45:43.092Z", "name": "Confirm selection report category wages incident", "description": "", "voice_label": 65}}, {"model": "service_development.voiceservicesubelement", "pk": 55, "fields": {"service": 2, "creation_date": "2020-04-29T13:46:08.703Z", "modification_date": "2020-04-29T13:46:08.703Z", "name": "Confirm selection report category labor circumstances incident", "description": "", "voice_label": 62}}, {"model": "service_development.voiceservicesubelement", "pk": 56, "fields": {"service": 2, "creation_date": "2020-04-29T13:46:41.262Z", "modification_date": "2020-04-29T13:46:41.262Z", "name": "Confirm selection report category child labor incident", "description": "", "voice_label": 61}}, {"model": "service_development.voiceservicesubelement", "pk": 57, "fields": {"service": 2, "creation_date": "2020-04-29T13:47:29.316Z", "modification_date": "2020-04-29T13:47:29.316Z", "name": "Confirm selection report category management incident", "description": "", "voice_label": 63}}, {"model": "service_development.voiceservicesubelement", "pk": 58, "fields": {"service": 2, "creation_date": "2020-04-29T13:48:10.982Z", "modification_date": "2020-04-29T13:48:10.982Z", "name": "Confirm selection report category sustainability incident", "description": "", "voice_label": 64}}, {"model": "service_development.voiceservicesubelement", "pk": 59, "fields": {"service": 2, "creation_date": "2020-04-29T13:48:30.281Z", "modification_date": "2020-04-29T13:48:30.281Z", "name": "Confirm selection report category sustainability initiative", "description": "", "voice_label": 64}}, {"model": "service_development.voiceservicesubelement", "pk": 60, "fields": {"service": 2, "creation_date": "2020-04-29T13:48:54.235Z", "modification_date": "2020-04-29T13:48:54.235Z", "name": "Confirm selection report category labor circumstances initiative", "description": "", "voice_label": 62}}, {"model": "service_development.voiceservicesubelement", "pk": 61, "fields": {"service": 2, "creation_date": "2020-04-29T13:49:28.234Z", "modification_date": "2020-04-29T13:49:28.234Z", "name": "Confirm selection report category wages initiative", "description": "", "voice_label": 65}}, {"model": "service_development.voiceservicesubelement", "pk": 62, "fields": {"service": 2, "creation_date": "2020-04-29T13:49:50.435Z", "modification_date": "2020-04-29T13:49:50.435Z", "name": "Confirm selection report category management initiative", "description": "", "voice_label": 63}}, {"model": "service_development.voiceservicesubelement", "pk": 63, "fields": {"service": 2, "creation_date": "2020-04-29T13:50:22.877Z", "modification_date": "2020-04-29T14:02:34.483Z", "name": "Sustainability", "description": "", "voice_label": 73}}, {"model": "service_development.voiceservicesubelement", "pk": 64, "fields": {"service": 2, "creation_date": "2020-04-29T13:55:53.598Z", "modification_date": "2020-04-29T14:05:51.564Z", "name": "The reports of the last year are", "description": "", "voice_label": 76}}, {"model": "service_development.voiceservicesubelement", "pk": 65, "fields": {"service": 2, "creation_date": "2020-04-29T13:56:11.234Z", "modification_date": "2020-04-29T14:05:43.707Z", "name": "The reports of the last month are", "description": "", "voice_label": 75}}, {"model": "service_development.voiceservicesubelement", "pk": 66, "fields": {"service": 2, "creation_date": "2020-04-29T13:56:54.237Z", "modification_date": "2020-04-29T14:05:21.509Z", "name": "Dummy for report retrieval 1", "description": "", "voice_label": 26}}, {"model": "service_development.voiceservicesubelement", "pk": 67, "fields": {"service": 2, "creation_date": "2020-04-29T13:57:08.376Z", "modification_date": "2020-04-29T14:05:11.766Z", "name": "Dummy for report retrieval 2", "description": "", "voice_label": 27}}, {"model": "service_development.voiceservicesubelement", "pk": 68, "fields": {"service": 2, "creation_date": "2020-04-29T13:57:27.658Z", "modification_date": "2020-04-29T14:04:54.181Z", "name": "Confirm report discarded", "description": "", "voice_label": 66}}, {"model": "service_development.voiceservicesubelement", "pk": 69, "fields": {"service": 2, "creation_date": "2020-04-29T13:58:10.090Z", "modification_date": "2020-04-29T13:58:10.090Z", "name": "Confirm report successfully submitted", "description": "", "voice_label": 67}}, {"model": "service_development.voiceservicesubelement", "pk": 70, "fields": {"service": 2, "creation_date": "2020-04-29T13:58:49.570Z", "modification_date": "2020-04-29T13:58:49.570Z", "name": "Welcome to vacarpa", "description": "", "voice_label": 80}}, {"model": "service_development.voiceservicesubelement", "pk": 71, "fields": {"service": 2, "creation_date": "2020-04-29T14:03:18.577Z", "modification_date": "2020-04-29T14:03:18.577Z", "name": "Sustainability", "description": "", "voice_label": 73}}, {"model": "service_development.voiceserviceelement", "pk": 2, "fields": {}}, {"model": "service_development.voiceserviceelement", "pk": 5, "fields": {}}, {"model": "service_development.voiceserviceelement", "pk": 6, "fields": {}}, {"model": "service_development.voiceserviceelement", "pk": 7, "fields": {}}, {"model": "service_development.voiceserviceelement", "pk": 8, "fields": {}}, {"model": "service_development.voiceserviceelement", "pk": 9, "fields": {}}, {"model": "service_development.voiceserviceelement", "pk": 10, "fields": {}}, {"model": "service_development.voiceserviceelement", "pk": 13, "fields": {}}, {"model": "service_development.voiceserviceelement", "pk": 16, "fields": {}}, {"model": "service_development.voiceserviceelement", "pk": 19, "fields": {}}, {"model": "service_development.voiceserviceelement", "pk": 22, "fields": {}}, {"model": "service_development.voiceserviceelement", "pk": 25, "fields": {}}, {"model": "service_development.voiceserviceelement", "pk": 28, "fields": {}}, {"model": "service_development.voiceserviceelement", "pk": 31, "fields": {}}, {"model": "service_development.voiceserviceelement", "pk": 36, "fields": {}}, {"model": "service_development.voiceserviceelement", "pk": 40, "fields": {}}, {"model": "service_development.voiceserviceelement", "pk": 43, "fields": {}}, {"model": "service_development.voiceserviceelement", "pk": 46, "fields": {}}, {"model": "service_development.voiceserviceelement", "pk": 47, "fields": {}}, {"model": "service_development.voiceserviceelement", "pk": 48, "fields": {}}, {"model": "service_development.voiceserviceelement", "pk": 49, "fields": {}}, {"model": "service_development.voiceserviceelement", "pk": 50, "fields": {}}, {"model": "service_development.voiceserviceelement", "pk": 51, "fields": {}}, {"model": "service_development.voiceserviceelement", "pk": 52, "fields": {}}, {"model": "service_development.voiceserviceelement", "pk": 53, "fields": {}}, {"model": "service_development.voiceserviceelement", "pk": 54, "fields": {}}, {"model": "service_development.voiceserviceelement", "pk": 55, "fields": {}}, {"model": "service_development.voiceserviceelement", "pk": 56, "fields": {}}, {"model": "service_development.voiceserviceelement", "pk": 57, "fields": {}}, {"model": "service_development.voiceserviceelement", "pk": 58, "fields": {}}, {"model": "service_development.voiceserviceelement", "pk": 59, "fields": {}}, {"model": "service_development.voiceserviceelement", "pk": 60, "fields": {}}, {"model": "service_development.voiceserviceelement", "pk": 61, "fields": {}}, {"model": "service_development.voiceserviceelement", "pk": 62, "fields": {}}, {"model": "service_development.voiceserviceelement", "pk": 64, "fields": {}}, {"model": "service_development.voiceserviceelement", "pk": 65, "fields": {}}, {"model": "service_development.voiceserviceelement", "pk": 66, "fields": {}}, {"model": "service_development.voiceserviceelement", "pk": 67, "fields": {}}, {"model": "service_development.voiceserviceelement", "pk": 68, "fields": {}}, {"model": "service_development.voiceserviceelement", "pk": 69, "fields": {}}, {"model": "service_development.voiceserviceelement", "pk": 70, "fields": {}}, {"model": "service_development.voiceservice", "pk": 1, "fields": {"name": "King's truth checker", "description": "Checks the user's knowledge about the king of the Netherlands", "creation_date": "2017-04-23T19:23:52.392Z", "modification_date": "2020-04-23T18:27:21.941Z", "active": false, "_start_element": 2, "registration": "preferred", "registration_language": true, "registration_name": false, "supported_languages": [1, 2, 3]}}, {"model": "service_development.voiceservice", "pk": 2, "fields": {"name": "VACARPA", "description": "Voice Accessible CARPA", "creation_date": "2020-04-23T18:26:51.491Z", "modification_date": "2020-04-23T18:26:51.491Z", "active": false, "_start_element": null, "registration": "disabled", "registration_language": true, "registration_name": false, "supported_languages": [2, 3]}}, {"model": "service_development.kasadakauser", "pk": 1, "fields": {"caller_id": "456", "first_name": "Henk", "last_name": "Ernia", "creation_date": "2018-02-02T11:10:27.670Z", "modification_date": "2018-02-12T14:44:24.019Z", "language": 1, "service": 1}}, {"model": "service_development.callsession", "pk": 1, "fields": {"start": "2020-04-29T12:30:28.892Z", "end": null, "user": null, "caller_id": null, "service": 2, "_language": null}}, {"model": "service_development.choice", "pk": 2, "fields": {}}, {"model": "service_development.choice", "pk": 10, "fields": {}}, {"model": "service_development.choice", "pk": 13, "fields": {}}, {"model": "service_development.choice", "pk": 16, "fields": {}}, {"model": "service_development.choice", "pk": 19, "fields": {}}, {"model": "service_development.choice", "pk": 22, "fields": {}}, {"model": "service_development.choice", "pk": 25, "fields": {}}, {"model": "service_development.choice", "pk": 28, "fields": {}}, {"model": "service_development.choice", "pk": 31, "fields": {}}, {"model": "service_development.choice", "pk": 36, "fields": {}}, {"model": "service_development.choice", "pk": 40, "fields": {}}, {"model": "service_development.choice", "pk": 43, "fields": {}}, {"model": "service_development.choiceoption", "pk": 3, "fields": {"parent": 2, "_redirect": 5}}, {"model": "service_development.choiceoption", "pk": 4, "fields": {"parent": 2, "_redirect": 7}}, {"model": "service_development.choiceoption", "pk": 11, "fields": {"parent": 10, "_redirect": 46}}, {"model": "service_development.choiceoption", "pk": 12, "fields": {"parent": 10, "_redirect": 47}}, {"model": "service_development.choiceoption", "pk": 14, "fields": {"parent": 13, "_redirect": 48}}, {"model": "service_development.choiceoption", "pk": 15, "fields": {"parent": 13, "_redirect": 49}}, {"model": "service_development.choiceoption", "pk": 17, "fields": {"parent": 16, "_redirect": 50}}, {"model": "service_development.choiceoption", "pk": 18, "fields": {"parent": 16, "_redirect": 51}}, {"model": "service_development.choiceoption", "pk": 20, "fields": {"parent": 19, "_redirect": 22}}, {"model": "service_development.choiceoption", "pk": 21, "fields": {"parent": 19, "_redirect": 28}}, {"model": "service_development.choiceoption", "pk": 23, "fields": {"parent": 22, "_redirect": 65}}, {"model": "service_development.choiceoption", "pk": 24, "fields": {"parent": 22, "_redirect": 64}}, {"model": "service_development.choiceoption", "pk": 26, "fields": {"parent": 25, "_redirect": 70}}, {"model": "service_development.choiceoption", "pk": 27, "fields": {"parent": 25, "_redirect": 8}}, {"model": "service_development.choiceoption", "pk": 29, "fields": {"parent": 28, "_redirect": 52}}, {"model": "service_development.choiceoption", "pk": 30, "fields": {"parent": 28, "_redirect": 53}}, {"model": "service_development.choiceoption", "pk": 32, "fields": {"parent": 31, "_redirect": 54}}, {"model": "service_development.choiceoption", "pk": 33, "fields": {"parent": 31, "_redirect": 55}}, {"model": "service_development.choiceoption", "pk": 34, "fields": {"parent": 31, "_redirect": 56}}, {"model": "service_development.choiceoption", "pk": 35, "fields": {"parent": 31, "_redirect": 57}}, {"model": "service_development.choiceoption", "pk": 37, "fields": {"parent": 36, "_redirect": 61}}, {"model": "service_development.choiceoption", "pk": 38, "fields": {"parent": 36, "_redirect": 60}}, {"model": "service_development.choiceoption", "pk": 39, "fields": {"parent": 36, "_redirect": 62}}, {"model": "service_development.choiceoption", "pk": 41, "fields": {"parent": 40, "_redirect": 69}}, {"model": "service_development.choiceoption", "pk": 42, "fields": {"parent": 40, "_redirect": 68}}, {"model": "service_development.choiceoption", "pk": 44, "fields": {"parent": 43, "_redirect": 69}}, {"model": "service_development.choiceoption", "pk": 45, "fields": {"parent": 43, "_redirect": 68}}, {"model": "service_development.choiceoption", "pk": 63, "fields": {"parent": 31, "_redirect": 58}}, {"model": "service_development.choiceoption", "pk": 71, "fields": {"parent": 36, "_redirect": 59}}, {"model": "service_development.messagepresentation", "pk": 5, "fields": {"final_element": false, "_redirect": 6}}, {"model": "service_development.messagepresentation", "pk": 6, "fields": {"final_element": true, "_redirect": null}}, {"model": "service_development.messagepresentation", "pk": 7, "fields": {"final_element": false, "_redirect": 6}}, {"model": "service_development.messagepresentation", "pk": 8, "fields": {"final_element": false, "_redirect": 9}}, {"model": "service_development.messagepresentation", "pk": 9, "fields": {"final_element": true, "_redirect": null}}, {"model": "service_development.messagepresentation", "pk": 46, "fields": {"final_element": false, "_redirect": 13}}, {"model": "service_development.messagepresentation", "pk": 47, "fields": {"final_element": false, "_redirect": 16}}, {"model": "service_development.messagepresentation", "pk": 48, "fields": {"final_element": false, "_redirect": 19}}, {"model": "service_development.messagepresentation", "pk": 49, "fields": {"final_element": false, "_redirect": 19}}, {"model": "service_development.messagepresentation", "pk": 50, "fields": {"final_element": false, "_redirect": 19}}, {"model": "service_development.messagepresentation", "pk": 51, "fields": {"final_element": false, "_redirect": 19}}, {"model": "service_development.messagepresentation", "pk": 52, "fields": {"final_element": false, "_redirect": 31}}, {"model": "service_development.messagepresentation", "pk": 53, "fields": {"final_element": false, "_redirect": 36}}, {"model": "service_development.messagepresentation", "pk": 54, "fields": {"final_element": false, "_redirect": 40}}, {"model": "service_development.messagepresentation", "pk": 55, "fields": {"final_element": false, "_redirect": 40}}, {"model": "service_development.messagepresentation", "pk": 56, "fields": {"final_element": false, "_redirect": 40}}, {"model": "service_development.messagepresentation", "pk": 57, "fields": {"final_element": false, "_redirect": 40}}, {"model": "service_development.messagepresentation", "pk": 58, "fields": {"final_element": false, "_redirect": 40}}, {"model": "service_development.messagepresentation", "pk": 59, "fields": {"final_element": false, "_redirect": 43}}, {"model": "service_development.messagepresentation", "pk": 60, "fields": {"final_element": false, "_redirect": 43}}, {"model": "service_development.messagepresentation", "pk": 61, "fields": {"final_element": false, "_redirect": 43}}, {"model": "service_development.messagepresentation", "pk": 62, "fields": {"final_element": false, "_redirect": 43}}, {"model": "service_development.messagepresentation", "pk": 64, "fields": {"final_element": false, "_redirect": 66}}, {"model": "service_development.messagepresentation", "pk": 65, "fields": {"final_element": false, "_redirect": 67}}, {"model": "service_development.messagepresentation", "pk": 66, "fields": {"final_element": false, "_redirect": 67}}, {"model": "service_development.messagepresentation", "pk": 67, "fields": {"final_element": false, "_redirect": 25}}, {"model": "service_development.messagepresentation", "pk": 68, "fields": {"final_element": false, "_redirect": 25}}, {"model": "service_development.messagepresentation", "pk": 69, "fields": {"final_element": false, "_redirect": 25}}, {"model": "service_development.messagepresentation", "pk": 70, "fields": {"final_element": false, "_redirect": 10}}, {"model": "contenttypes.contenttype", "pk": 1, "fields": {"app_label": "service_development", "model": "callsession"}}, {"model": "contenttypes.contenttype", "pk": 2, "fields": {"app_label": "service_development", "model": "language"}}, {"model": "contenttypes.contenttype", "pk": 3, "fields": {"app_label": "service_development", "model": "voicelabel"}}, {"model": "contenttypes.contenttype", "pk": 4, "fields": {"app_label": "service_development", "model": "voiceservice"}}, {"model": "contenttypes.contenttype", "pk": 5, "fields": {"app_label": "service_development", "model": "voiceservicesubelement"}}, {"model": "contenttypes.contenttype", "pk": 6, "fields": {"app_label": "service_development", "model": "voiceserviceelement"}}, {"model": "contenttypes.contenttype", "pk": 7, "fields": {"app_label": "service_development", "model": "voicefragment"}}, {"model": "contenttypes.contenttype", "pk": 8, "fields": {"app_label": "service_development", "model": "userinputcategory"}}, {"model": "contenttypes.contenttype", "pk": 9, "fields": {"app_label": "service_development", "model": "spokenuserinput"}}, {"model": "contenttypes.contenttype", "pk": 10, "fields": {"app_label": "service_development", "model": "kasadakauser"}}, {"model": "contenttypes.contenttype", "pk": 11, "fields": {"app_label": "service_development", "model": "choice"}}, {"model": "contenttypes.contenttype", "pk": 12, "fields": {"app_label": "service_development", "model": "callsessionstep"}}, {"model": "contenttypes.contenttype", "pk": 13, "fields": {"app_label": "service_development", "model": "record"}}, {"model": "contenttypes.contenttype", "pk": 14, "fields": {"app_label": "service_development", "model": "messagepresentation"}}, {"model": "contenttypes.contenttype", "pk": 15, "fields": {"app_label": "service_development", "model": "choiceoption"}}, {"model": "contenttypes.contenttype", "pk": 16, "fields": {"app_label": "admin", "model": "logentry"}}, {"model": "contenttypes.contenttype", "pk": 17, "fields": {"app_label": "auth", "model": "permission"}}, {"model": "contenttypes.contenttype", "pk": 18, "fields": {"app_label": "auth", "model": "group"}}, {"model": "contenttypes.contenttype", "pk": 19, "fields": {"app_label": "auth", "model": "user"}}, {"model": "contenttypes.contenttype", "pk": 20, "fields": {"app_label": "contenttypes", "model": "contenttype"}}, {"model": "contenttypes.contenttype", "pk": 21, "fields": {"app_label": "sessions", "model": "session"}}, {"model": "sessions.session", "pk": "591cyzdt6lm4b0xzutuohg855s99puan", "fields": {"session_data": "MDE3NzgyMjhlZDBmMTZkYzc0NTg0ODlkNjE0NGJiMWQyMzdmNDgzNjp7Il9hdXRoX3VzZXJfaWQiOiIxIiwiX2F1dGhfdXNlcl9iYWNrZW5kIjoiZGphbmdvLmNvbnRyaWIuYXV0aC5iYWNrZW5kcy5Nb2RlbEJhY2tlbmQiLCJfYXV0aF91c2VyX2hhc2giOiJkMDYyMGMyNzM0Njg3YThiYTAzMjJjMDgyODczZWJkYWYxNmJlZDc5In0=", "expire_date": "2020-04-29T13:23:36.402Z"}}, {"model": "sessions.session", "pk": "djauhupjcaax4kclrv976k4n353pd9y8", "fields": {"session_data": "NWY2NDYzOGQ1NTlhNjZhMzcxZDZkMWEzOTYyYzg0NjMyZTVjMDc4Njp7Il9hdXRoX3VzZXJfaWQiOiIyIiwiX2F1dGhfdXNlcl9iYWNrZW5kIjoiZGphbmdvLmNvbnRyaWIuYXV0aC5iYWNrZW5kcy5Nb2RlbEJhY2tlbmQiLCJfYXV0aF91c2VyX2hhc2giOiJkZjgyYjAzZDI4OWVjOWExNmQyZWQxNTExNTE5YTg5ODhjNTE1MTAxIn0=", "expire_date": "2020-05-07T18:10:48.526Z"}}, {"model": "auth.permission", "pk": 1, "fields": {"name": "Can add Call Session", "content_type": 1, "codename": "add_callsession"}}, {"model": "auth.permission", "pk": 2, "fields": {"name": "Can change Call Session", "content_type": 1, "codename": "change_callsession"}}, {"model": "auth.permission", "pk": 3, "fields": {"name": "Can delete Call Session", "content_type": 1, "codename": "delete_callsession"}}, {"model": "auth.permission", "pk": 4, "fields": {"name": "Can view Call Session", "content_type": 1, "codename": "view_callsession"}}, {"model": "auth.permission", "pk": 5, "fields": {"name": "Can add Language", "content_type": 2, "codename": "add_language"}}, {"model": "auth.permission", "pk": 6, "fields": {"name": "Can change Language", "content_type": 2, "codename": "change_language"}}, {"model": "auth.permission", "pk": 7, "fields": {"name": "Can delete Language", "content_type": 2, "codename": "delete_language"}}, {"model": "auth.permission", "pk": 8, "fields": {"name": "Can view Language", "content_type": 2, "codename": "view_language"}}, {"model": "auth.permission", "pk": 9, "fields": {"name": "Can add Voice Label", "content_type": 3, "codename": "add_voicelabel"}}, {"model": "auth.permission", "pk": 10, "fields": {"name": "Can change Voice Label", "content_type": 3, "codename": "change_voicelabel"}}, {"model": "auth.permission", "pk": 11, "fields": {"name": "Can delete Voice Label", "content_type": 3, "codename": "delete_voicelabel"}}, {"model": "auth.permission", "pk": 12, "fields": {"name": "Can view Voice Label", "content_type": 3, "codename": "view_voicelabel"}}, {"model": "auth.permission", "pk": 13, "fields": {"name": "Can add Voice Service", "content_type": 4, "codename": "add_voiceservice"}}, {"model": "auth.permission", "pk": 14, "fields": {"name": "Can change Voice Service", "content_type": 4, "codename": "change_voiceservice"}}, {"model": "auth.permission", "pk": 15, "fields": {"name": "Can delete Voice Service", "content_type": 4, "codename": "delete_voiceservice"}}, {"model": "auth.permission", "pk": 16, "fields": {"name": "Can view Voice Service", "content_type": 4, "codename": "view_voiceservice"}}, {"model": "auth.permission", "pk": 17, "fields": {"name": "Can add Voice Service Sub-Element", "content_type": 5, "codename": "add_voiceservicesubelement"}}, {"model": "auth.permission", "pk": 18, "fields": {"name": "Can change Voice Service Sub-Element", "content_type": 5, "codename": "change_voiceservicesubelement"}}, {"model": "auth.permission", "pk": 19, "fields": {"name": "Can delete Voice Service Sub-Element", "content_type": 5, "codename": "delete_voiceservicesubelement"}}, {"model": "auth.permission", "pk": 20, "fields": {"name": "Can view Voice Service Sub-Element", "content_type": 5, "codename": "view_voiceservicesubelement"}}, {"model": "auth.permission", "pk": 21, "fields": {"name": "Can add Voice Service Element", "content_type": 6, "codename": "add_voiceserviceelement"}}, {"model": "auth.permission", "pk": 22, "fields": {"name": "Can change Voice Service Element", "content_type": 6, "codename": "change_voiceserviceelement"}}, {"model": "auth.permission", "pk": 23, "fields": {"name": "Can delete Voice Service Element", "content_type": 6, "codename": "delete_voiceserviceelement"}}, {"model": "auth.permission", "pk": 24, "fields": {"name": "Can view Voice Service Element", "content_type": 6, "codename": "view_voiceserviceelement"}}, {"model": "auth.permission", "pk": 25, "fields": {"name": "Can add Voice Fragment", "content_type": 7, "codename": "add_voicefragment"}}, {"model": "auth.permission", "pk": 26, "fields": {"name": "Can change Voice Fragment", "content_type": 7, "codename": "change_voicefragment"}}, {"model": "auth.permission", "pk": 27, "fields": {"name": "Can delete Voice Fragment", "content_type": 7, "codename": "delete_voicefragment"}}, {"model": "auth.permission", "pk": 28, "fields": {"name": "Can view Voice Fragment", "content_type": 7, "codename": "view_voicefragment"}}, {"model": "auth.permission", "pk": 29, "fields": {"name": "Can add User Input Category", "content_type": 8, "codename": "add_userinputcategory"}}, {"model": "auth.permission", "pk": 30, "fields": {"name": "Can change User Input Category", "content_type": 8, "codename": "change_userinputcategory"}}, {"model": "auth.permission", "pk": 31, "fields": {"name": "Can delete User Input Category", "content_type": 8, "codename": "delete_userinputcategory"}}, {"model": "auth.permission", "pk": 32, "fields": {"name": "Can view User Input Category", "content_type": 8, "codename": "view_userinputcategory"}}, {"model": "auth.permission", "pk": 33, "fields": {"name": "Can add Spoken User Input", "content_type": 9, "codename": "add_spokenuserinput"}}, {"model": "auth.permission", "pk": 34, "fields": {"name": "Can change Spoken User Input", "content_type": 9, "codename": "change_spokenuserinput"}}, {"model": "auth.permission", "pk": 35, "fields": {"name": "Can delete Spoken User Input", "content_type": 9, "codename": "delete_spokenuserinput"}}, {"model": "auth.permission", "pk": 36, "fields": {"name": "Can view Spoken User Input", "content_type": 9, "codename": "view_spokenuserinput"}}, {"model": "auth.permission", "pk": 37, "fields": {"name": "Can add KasaDaka User", "content_type": 10, "codename": "add_kasadakauser"}}, {"model": "auth.permission", "pk": 38, "fields": {"name": "Can change KasaDaka User", "content_type": 10, "codename": "change_kasadakauser"}}, {"model": "auth.permission", "pk": 39, "fields": {"name": "Can delete KasaDaka User", "content_type": 10, "codename": "delete_kasadakauser"}}, {"model": "auth.permission", "pk": 40, "fields": {"name": "Can view KasaDaka User", "content_type": 10, "codename": "view_kasadakauser"}}, {"model": "auth.permission", "pk": 41, "fields": {"name": "Can add Choice Element", "content_type": 11, "codename": "add_choice"}}, {"model": "auth.permission", "pk": 42, "fields": {"name": "Can change Choice Element", "content_type": 11, "codename": "change_choice"}}, {"model": "auth.permission", "pk": 43, "fields": {"name": "Can delete Choice Element", "content_type": 11, "codename": "delete_choice"}}, {"model": "auth.permission", "pk": 44, "fields": {"name": "Can view Choice Element", "content_type": 11, "codename": "view_choice"}}, {"model": "auth.permission", "pk": 45, "fields": {"name": "Can add Call Session Step", "content_type": 12, "codename": "add_callsessionstep"}}, {"model": "auth.permission", "pk": 46, "fields": {"name": "Can change Call Session Step", "content_type": 12, "codename": "change_callsessionstep"}}, {"model": "auth.permission", "pk": 47, "fields": {"name": "Can delete Call Session Step", "content_type": 12, "codename": "delete_callsessionstep"}}, {"model": "auth.permission", "pk": 48, "fields": {"name": "Can view Call Session Step", "content_type": 12, "codename": "view_callsessionstep"}}, {"model": "auth.permission", "pk": 49, "fields": {"name": "Can add Spoken Input Element", "content_type": 13, "codename": "add_record"}}, {"model": "auth.permission", "pk": 50, "fields": {"name": "Can change Spoken Input Element", "content_type": 13, "codename": "change_record"}}, {"model": "auth.permission", "pk": 51, "fields": {"name": "Can delete Spoken Input Element", "content_type": 13, "codename": "delete_record"}}, {"model": "auth.permission", "pk": 52, "fields": {"name": "Can view Spoken Input Element", "content_type": 13, "codename": "view_record"}}, {"model": "auth.permission", "pk": 53, "fields": {"name": "Can add Message Presentation Element", "content_type": 14, "codename": "add_messagepresentation"}}, {"model": "auth.permission", "pk": 54, "fields": {"name": "Can change Message Presentation Element", "content_type": 14, "codename": "change_messagepresentation"}}, {"model": "auth.permission", "pk": 55, "fields": {"name": "Can delete Message Presentation Element", "content_type": 14, "codename": "delete_messagepresentation"}}, {"model": "auth.permission", "pk": 56, "fields": {"name": "Can view Message Presentation Element", "content_type": 14, "codename": "view_messagepresentation"}}, {"model": "auth.permission", "pk": 57, "fields": {"name": "Can add Voice Service", "content_type": 15, "codename": "add_choiceoption"}}, {"model": "auth.permission", "pk": 58, "fields": {"name": "Can change Voice Service", "content_type": 15, "codename": "change_choiceoption"}}, {"model": "auth.permission", "pk": 59, "fields": {"name": "Can delete Voice Service", "content_type": 15, "codename": "delete_choiceoption"}}, {"model": "auth.permission", "pk": 60, "fields": {"name": "Can view Voice Service", "content_type": 15, "codename": "view_choiceoption"}}, {"model": "auth.permission", "pk": 61, "fields": {"name": "Can add log entry", "content_type": 16, "codename": "add_logentry"}}, {"model": "auth.permission", "pk": 62, "fields": {"name": "Can change log entry", "content_type": 16, "codename": "change_logentry"}}, {"model": "auth.permission", "pk": 63, "fields": {"name": "Can delete log entry", "content_type": 16, "codename": "delete_logentry"}}, {"model": "auth.permission", "pk": 64, "fields": {"name": "Can view log entry", "content_type": 16, "codename": "view_logentry"}}, {"model": "auth.permission", "pk": 65, "fields": {"name": "Can add permission", "content_type": 17, "codename": "add_permission"}}, {"model": "auth.permission", "pk": 66, "fields": {"name": "Can change permission", "content_type": 17, "codename": "change_permission"}}, {"model": "auth.permission", "pk": 67, "fields": {"name": "Can delete permission", "content_type": 17, "codename": "delete_permission"}}, {"model": "auth.permission", "pk": 68, "fields": {"name": "Can view permission", "content_type": 17, "codename": "view_permission"}}, {"model": "auth.permission", "pk": 69, "fields": {"name": "Can add group", "content_type": 18, "codename": "add_group"}}, {"model": "auth.permission", "pk": 70, "fields": {"name": "Can change group", "content_type": 18, "codename": "change_group"}}, {"model": "auth.permission", "pk": 71, "fields": {"name": "Can delete group", "content_type": 18, "codename": "delete_group"}}, {"model": "auth.permission", "pk": 72, "fields": {"name": "Can view group", "content_type": 18, "codename": "view_group"}}, {"model": "auth.permission", "pk": 73, "fields": {"name": "Can add user", "content_type": 19, "codename": "add_user"}}, {"model": "auth.permission", "pk": 74, "fields": {"name": "Can change user", "content_type": 19, "codename": "change_user"}}, {"model": "auth.permission", "pk": 75, "fields": {"name": "Can delete user", "content_type": 19, "codename": "delete_user"}}, {"model": "auth.permission", "pk": 76, "fields": {"name": "Can view user", "content_type": 19, "codename": "view_user"}}, {"model": "auth.permission", "pk": 77, "fields": {"name": "Can add content type", "content_type": 20, "codename": "add_contenttype"}}, {"model": "auth.permission", "pk": 78, "fields": {"name": "Can change content type", "content_type": 20, "codename": "change_contenttype"}}, {"model": "auth.permission", "pk": 79, "fields": {"name": "Can delete content type", "content_type": 20, "codename": "delete_contenttype"}}, {"model": "auth.permission", "pk": 80, "fields": {"name": "Can view content type", "content_type": 20, "codename": "view_contenttype"}}, {"model": "auth.permission", "pk": 81, "fields": {"name": "Can add session", "content_type": 21, "codename": "add_session"}}, {"model": "auth.permission", "pk": 82, "fields": {"name": "Can change session", "content_type": 21, "codename": "change_session"}}, {"model": "auth.permission", "pk": 83, "fields": {"name": "Can delete session", "content_type": 21, "codename": "delete_session"}}, {"model": "auth.permission", "pk": 84, "fields": {"name": "Can view session", "content_type": 21, "codename": "view_session"}}, {"model": "auth.user", "pk": 1, "fields": {"password": "pbkdf2_sha256$180000$ojyFQ7i27mgs$KHcS4wCwAeIF9CoU/JKHsYPj9hdDtbvsUjOm3Q/BwX4=", "last_login": "2020-04-15T13:23:36.389Z", "is_superuser": true, "username": "engel", "first_name": "", "last_name": "", "email": "engelhamer@gmail.com", "is_staff": true, "is_active": true, "date_joined": "2020-04-15T13:22:07.709Z", "groups": [], "user_permissions": []}}, {"model": "auth.user", "pk": 2, "fields": {"password": "pbkdf2_sha256$180000$jL264NRvCsPU$knhEy4TRvgOMaWOcufZHBLlVB0WP1ZMMze3qF/8N+ek=", "last_login": "2020-04-23T18:10:48.507Z", "is_superuser": true, "username": "admin", "first_name": "", "last_name": "", "email": "", "is_staff": true, "is_active": true, "date_joined": "2020-04-23T18:08:54.158Z", "groups": [], "user_permissions": []}}, {"model": "admin.logentry", "pk": 1, "fields": {"action_time": "2020-04-23T18:26:51.499Z", "user": 2, "content_type": 4, "object_id": "2", "object_repr": "Voice Service: VACARPA", "action_flag": 1, "change_message": "[{\"added\": {}}]"}}, {"model": "admin.logentry", "pk": 2, "fields": {"action_time": "2020-04-23T18:27:21.943Z", "user": 2, "content_type": 4, "object_id": "1", "object_repr": "Voice Service: King's truth checker", "action_flag": 2, "change_message": "[]"}}, {"model": "admin.logentry", "pk": 3, "fields": {"action_time": "2020-04-29T11:22:12.472Z", "user": 2, "content_type": 3, "object_id": "26", "object_repr": "Voice Label: 1 incident regarding child labor", "action_flag": 1, "change_message": "[{\"added\": {}}, {\"added\": {\"name\": \"Voice Fragment\", \"object\": \"Voice Fragment: (English) 1 incident regarding child labor\"}}]"}}, {"model": "admin.logentry", "pk": 4, "fields": {"action_time": "2020-04-29T11:22:57.889Z", "user": 2, "content_type": 3, "object_id": "27", "object_repr": "Voice Label: 3 initiatives regarding wages", "action_flag": 1, "change_message": "[{\"added\": {}}, {\"added\": {\"name\": \"Voice Fragment\", \"object\": \"Voice Fragment: (English) 3 initiatives regarding wages\"}}]"}}, {"model": "admin.logentry", "pk": 5, "fields": {"action_time": "2020-04-29T11:24:17.322Z", "user": 2, "content_type": 3, "object_id": "28", "object_repr": "Voice Label: Alpha", "action_flag": 1, "change_message": "[{\"added\": {}}, {\"added\": {\"name\": \"Voice Fragment\", \"object\": \"Voice Fragment: (English) Alpha\"}}]"}}, {"model": "admin.logentry", "pk": 6, "fields": {"action_time": "2020-04-29T11:24:40.599Z", "user": 2, "content_type": 3, "object_id": "29", "object_repr": "Voice Label: Beta", "action_flag": 1, "change_message": "[{\"added\": {}}, {\"added\": {\"name\": \"Voice Fragment\", \"object\": \"Voice Fragment: (English) Beta\"}}]"}}, {"model": "admin.logentry", "pk": 7, "fields": {"action_time": "2020-04-29T11:50:09.840Z", "user": 2, "content_type": 3, "object_id": "30", "object_repr": "Voice Label: Beta", "action_flag": 1, "change_message": "[{\"added\": {}}, {\"added\": {\"name\": \"Voice Fragment\", \"object\": \"Voice Fragment: (English) Beta\"}}]"}}, {"model": "admin.logentry", "pk": 8, "fields": {"action_time": "2020-04-29T11:50:41.259Z", "user": 2, "content_type": 3, "object_id": "30", "object_repr": "Voice Label: Beta", "action_flag": 3, "change_message": ""}}, {"model": "admin.logentry", "pk": 9, "fields": {"action_time": "2020-04-29T11:51:24.714Z", "user": 2, "content_type": 3, "object_id": "31", "object_repr": "Voice Label: Bye", "action_flag": 1, "change_message": "[{\"added\": {}}, {\"added\": {\"name\": \"Voice Fragment\", \"object\": \"Voice Fragment: (English) Bye\"}}]"}}, {"model": "admin.logentry", "pk": 10, "fields": {"action_time": "2020-04-29T11:51:36.829Z", "user": 2, "content_type": 3, "object_id": "32", "object_repr": "Voice Label: Category", "action_flag": 1, "change_message": "[{\"added\": {}}, {\"added\": {\"name\": \"Voice Fragment\", \"object\": \"Voice Fragment: (English) Category\"}}]"}}, {"model": "admin.logentry", "pk": 11, "fields": {"action_time": "2020-04-29T11:51:47.022Z", "user": 2, "content_type": 3, "object_id": "33", "object_repr": "Voice Label: Charlie", "action_flag": 1, "change_message": "[{\"added\": {}}, {\"added\": {\"name\": \"Voice Fragment\", \"object\": \"Voice Fragment: (English) Charlie\"}}]"}}, {"model": "admin.logentry", "pk": 12, "fields": {"action_time": "2020-04-29T11:51:55.741Z", "user": 2, "content_type": 3, "object_id": "34", "object_repr": "Voice Label: Child labor", "action_flag": 1, "change_message": "[{\"added\": {}}, {\"added\": {\"name\": \"Voice Fragment\", \"object\": \"Voice Fragment: (English) Child labor\"}}]"}}, {"model": "admin.logentry", "pk": 13, "fields": {"action_time": "2020-04-29T11:52:08.501Z", "user": 2, "content_type": 3, "object_id": "35", "object_repr": "Voice Label: Company", "action_flag": 1, "change_message": "[{\"added\": {}}, {\"added\": {\"name\": \"Voice Fragment\", \"object\": \"Voice Fragment: (English) Company\"}}]"}}, {"model": "admin.logentry", "pk": 14, "fields": {"action_time": "2020-04-29T11:52:18.266Z", "user": 2, "content_type": 3, "object_id": "36", "object_repr": "Voice Label: Company selected alpha", "action_flag": 1, "change_message": "[{\"added\": {}}, {\"added\": {\"name\": \"Voice Fragment\", \"object\": \"Voice Fragment: (English) Company selected alpha\"}}]"}}, {"model": "admin.logentry", "pk": 15, "fields": {"action_time": "2020-04-29T11:52:26.889Z", "user": 2, "content_type": 3, "object_id": "37", "object_repr": "Voice Label: Company selected beta", "action_flag": 1, "change_message": "[{\"added\": {}}, {\"added\": {\"name\": \"Voice Fragment\", \"object\": \"Voice Fragment: (English) Company selected beta\"}}]"}}, {"model": "admin.logentry", "pk": 16, "fields": {"action_time": "2020-04-29T11:52:36.409Z", "user": 2, "content_type": 3, "object_id": "38", "object_repr": "Voice Label: Company selected charlie", "action_flag": 1, "change_message": "[{\"added\": {}}, {\"added\": {\"name\": \"Voice Fragment\", \"object\": \"Voice Fragment: (English) Company selected charlie\"}}]"}}, {"model": "admin.logentry", "pk": 17, "fields": {"action_time": "2020-04-29T11:52:44.253Z", "user": 2, "content_type": 3, "object_id": "39", "object_repr": "Voice Label: Company selected delta", "action_flag": 1, "change_message": "[{\"added\": {}}, {\"added\": {\"name\": \"Voice Fragment\", \"object\": \"Voice Fragment: (English) Company selected delta\"}}]"}}, {"model": "admin.logentry", "pk": 18, "fields": {"action_time": "2020-04-29T11:52:52.839Z", "user": 2, "content_type": 3, "object_id": "40", "object_repr": "Voice Label: Confirm and submit", "action_flag": 1, "change_message": "[{\"added\": {}}, {\"added\": {\"name\": \"Voice Fragment\", \"object\": \"Voice Fragment: (English) Confirm and submit\"}}]"}}, {"model": "admin.logentry", "pk": 19, "fields": {"action_time": "2020-04-29T11:53:01.110Z", "user": 2, "content_type": 3, "object_id": "41", "object_repr": "Voice Label: Delta", "action_flag": 1, "change_message": "[{\"added\": {}}, {\"added\": {\"name\": \"Voice Fragment\", \"object\": \"Voice Fragment: (English) Delta\"}}]"}}, {"model": "admin.logentry", "pk": 20, "fields": {"action_time": "2020-04-29T11:53:10.109Z", "user": 2, "content_type": 3, "object_id": "42", "object_repr": "Voice Label: Discard this report", "action_flag": 1, "change_message": "[{\"added\": {}}, {\"added\": {\"name\": \"Voice Fragment\", \"object\": \"Voice Fragment: (English) Discard this report\"}}]"}}, {"model": "admin.logentry", "pk": 21, "fields": {"action_time": "2020-04-29T11:53:18.021Z", "user": 2, "content_type": 3, "object_id": "43", "object_repr": "Voice Label: Do you want to restart vacarpa", "action_flag": 1, "change_message": "[{\"added\": {}}, {\"added\": {\"name\": \"Voice Fragment\", \"object\": \"Voice Fragment: (English) Do you want to restart vacarpa\"}}]"}}, {"model": "admin.logentry", "pk": 22, "fields": {"action_time": "2020-04-29T11:53:27.859Z", "user": 2, "content_type": 3, "object_id": "44", "object_repr": "Voice Label: Labor circumstances", "action_flag": 1, "change_message": "[{\"added\": {}}, {\"added\": {\"name\": \"Voice Fragment\", \"object\": \"Voice Fragment: (English) Labor circumstances\"}}]"}}, {"model": "admin.logentry", "pk": 23, "fields": {"action_time": "2020-04-29T11:53:38.522Z", "user": 2, "content_type": 3, "object_id": "45", "object_repr": "Voice Label: Labor circumstances initiative", "action_flag": 1, "change_message": "[{\"added\": {}}, {\"added\": {\"name\": \"Voice Fragment\", \"object\": \"Voice Fragment: (English) Labor circumstances initiative\"}}]"}}, {"model": "admin.logentry", "pk": 24, "fields": {"action_time": "2020-04-29T11:53:47.579Z", "user": 2, "content_type": 3, "object_id": "46", "object_repr": "Voice Label: Language selected is now english", "action_flag": 1, "change_message": "[{\"added\": {}}, {\"added\": {\"name\": \"Voice Fragment\", \"object\": \"Voice Fragment: (English) Language selected is now english\"}}]"}}, {"model": "admin.logentry", "pk": 25, "fields": {"action_time": "2020-04-29T11:54:16.224Z", "user": 2, "content_type": 3, "object_id": "47", "object_repr": "Voice Label: Last month", "action_flag": 1, "change_message": "[{\"added\": {}}, {\"added\": {\"name\": \"Voice Fragment\", \"object\": \"Voice Fragment: (English) Last month\"}}]"}}, {"model": "admin.logentry", "pk": 26, "fields": {"action_time": "2020-04-29T11:54:27.809Z", "user": 2, "content_type": 3, "object_id": "48", "object_repr": "Voice Label: Last year", "action_flag": 1, "change_message": "[{\"added\": {}}, {\"added\": {\"name\": \"Voice Fragment\", \"object\": \"Voice Fragment: (English) Last year\"}}]"}}, {"model": "admin.logentry", "pk": 27, "fields": {"action_time": "2020-04-29T11:54:45.800Z", "user": 2, "content_type": 3, "object_id": "49", "object_repr": "Voice Label: Management", "action_flag": 1, "change_message": "[{\"added\": {}}, {\"added\": {\"name\": \"Voice Fragment\", \"object\": \"Voice Fragment: (English) Management\"}}]"}}, {"model": "admin.logentry", "pk": 28, "fields": {"action_time": "2020-04-29T11:54:55.259Z", "user": 2, "content_type": 3, "object_id": "50", "object_repr": "Voice Label: Management initiative", "action_flag": 1, "change_message": "[{\"added\": {}}, {\"added\": {\"name\": \"Voice Fragment\", \"object\": \"Voice Fragment: (English) Management initiative\"}}]"}}, {"model": "admin.logentry", "pk": 29, "fields": {"action_time": "2020-04-29T11:55:10.551Z", "user": 2, "content_type": 3, "object_id": "51", "object_repr": "Voice Label: No VACARPA", "action_flag": 1, "change_message": "[{\"added\": {}}, {\"added\": {\"name\": \"Voice Fragment\", \"object\": \"Voice Fragment: (English) No VACARPA\"}}]"}}, {"model": "admin.logentry", "pk": 30, "fields": {"action_time": "2020-04-29T11:55:27.840Z", "user": 2, "content_type": 3, "object_id": "52", "object_repr": "Voice Label: Please select a company", "action_flag": 1, "change_message": "[{\"added\": {}}, {\"added\": {\"name\": \"Voice Fragment\", \"object\": \"Voice Fragment: (English) Please select a company\"}}]"}}, {"model": "admin.logentry", "pk": 31, "fields": {"action_time": "2020-04-29T11:55:37.479Z", "user": 2, "content_type": 3, "object_id": "53", "object_repr": "Voice Label: Please select a region", "action_flag": 1, "change_message": "[{\"added\": {}}, {\"added\": {\"name\": \"Voice Fragment\", \"object\": \"Voice Fragment: (English) Please select a region\"}}]"}}, {"model": "admin.logentry", "pk": 32, "fields": {"action_time": "2020-04-29T11:55:51.910Z", "user": 2, "content_type": 3, "object_id": "54", "object_repr": "Voice Label: Region1", "action_flag": 1, "change_message": "[{\"added\": {}}, {\"added\": {\"name\": \"Voice Fragment\", \"object\": \"Voice Fragment: (English) Region1\"}}]"}}, {"model": "admin.logentry", "pk": 33, "fields": {"action_time": "2020-04-29T11:56:01.700Z", "user": 2, "content_type": 3, "object_id": "55", "object_repr": "Voice Label: Region2", "action_flag": 1, "change_message": "[{\"added\": {}}, {\"added\": {\"name\": \"Voice Fragment\", \"object\": \"Voice Fragment: (English) Region2\"}}]"}}, {"model": "admin.logentry", "pk": 34, "fields": {"action_time": "2020-04-29T11:56:12.170Z", "user": 2, "content_type": 3, "object_id": "56", "object_repr": "Voice Label: Region", "action_flag": 1, "change_message": "[{\"added\": {}}, {\"added\": {\"name\": \"Voice Fragment\", \"object\": \"Voice Fragment: (English) Region\"}}]"}}, {"model": "admin.logentry", "pk": 35, "fields": {"action_time": "2020-04-29T11:56:22.723Z", "user": 2, "content_type": 3, "object_id": "57", "object_repr": "Voice Label: Region selected is region1", "action_flag": 1, "change_message": "[{\"added\": {}}, {\"added\": {\"name\": \"Voice Fragment\", \"object\": \"Voice Fragment: (English) Region selected is region1\"}}]"}}, {"model": "admin.logentry", "pk": 36, "fields": {"action_time": "2020-04-29T11:56:30.939Z", "user": 2, "content_type": 3, "object_id": "58", "object_repr": "Voice Label: Region selected is region2", "action_flag": 1, "change_message": "[{\"added\": {}}, {\"added\": {\"name\": \"Voice Fragment\", \"object\": \"Voice Fragment: (English) Region selected is region2\"}}]"}}, {"model": "admin.logentry", "pk": 37, "fields": {"action_time": "2020-04-29T11:56:43.839Z", "user": 2, "content_type": 3, "object_id": "59", "object_repr": "Voice Label: Report an incident", "action_flag": 1, "change_message": "[{\"added\": {}}, {\"added\": {\"name\": \"Voice Fragment\", \"object\": \"Voice Fragment: (English) Report an incident\"}}]"}}, {"model": "admin.logentry", "pk": 38, "fields": {"action_time": "2020-04-29T11:56:51.883Z", "user": 2, "content_type": 3, "object_id": "60", "object_repr": "Voice Label: Report an initiative", "action_flag": 1, "change_message": "[{\"added\": {}}, {\"added\": {\"name\": \"Voice Fragment\", \"object\": \"Voice Fragment: (English) Report an initiative\"}}]"}}, {"model": "admin.logentry", "pk": 39, "fields": {"action_time": "2020-04-29T11:57:02.889Z", "user": 2, "content_type": 3, "object_id": "61", "object_repr": "Voice Label: Report category selected child labor", "action_flag": 1, "change_message": "[{\"added\": {}}, {\"added\": {\"name\": \"Voice Fragment\", \"object\": \"Voice Fragment: (English) Report category selected child labor\"}}]"}}, {"model": "admin.logentry", "pk": 40, "fields": {"action_time": "2020-04-29T11:57:21.251Z", "user": 2, "content_type": 3, "object_id": "62", "object_repr": "Voice Label: Report category selected labor circumstances", "action_flag": 1, "change_message": "[{\"added\": {}}, {\"added\": {\"name\": \"Voice Fragment\", \"object\": \"Voice Fragment: (English) Report category selected labor circumstances\"}}]"}}, {"model": "admin.logentry", "pk": 41, "fields": {"action_time": "2020-04-29T11:57:32.739Z", "user": 2, "content_type": 3, "object_id": "63", "object_repr": "Voice Label: Report category selected managament", "action_flag": 1, "change_message": "[{\"added\": {}}, {\"added\": {\"name\": \"Voice Fragment\", \"object\": \"Voice Fragment: (English) Report category selected managament\"}}]"}}, {"model": "admin.logentry", "pk": 42, "fields": {"action_time": "2020-04-29T11:57:43.309Z", "user": 2, "content_type": 3, "object_id": "64", "object_repr": "Voice Label: Report category selected sustainability", "action_flag": 1, "change_message": "[{\"added\": {}}, {\"added\": {\"name\": \"Voice Fragment\", \"object\": \"Voice Fragment: (English) Report category selected sustainability\"}}]"}}, {"model": "admin.logentry", "pk": 43, "fields": {"action_time": "2020-04-29T11:57:53.529Z", "user": 2, "content_type": 3, "object_id": "65", "object_repr": "Voice Label: Report category selected wages", "action_flag": 1, "change_message": "[{\"added\": {}}, {\"added\": {\"name\": \"Voice Fragment\", \"object\": \"Voice Fragment: (English) Report category selected wages\"}}]"}}, {"model": "admin.logentry", "pk": 44, "fields": {"action_time": "2020-04-29T11:58:03.559Z", "user": 2, "content_type": 3, "object_id": "66", "object_repr": "Voice Label: Report discarded", "action_flag": 1, "change_message": "[{\"added\": {}}, {\"added\": {\"name\": \"Voice Fragment\", \"object\": \"Voice Fragment: (English) Report discarded\"}}]"}}, {"model": "admin.logentry", "pk": 45, "fields": {"action_time": "2020-04-29T11:58:17.969Z", "user": 2, "content_type": 3, "object_id": "67", "object_repr": "Voice Label: Report succesfully submitted", "action_flag": 1, "change_message": "[{\"added\": {}}, {\"added\": {\"name\": \"Voice Fragment\", \"object\": \"Voice Fragment: (English) Report succesfully submitted\"}}]"}}, {"model": "admin.logentry", "pk": 46, "fields": {"action_time": "2020-04-29T11:58:26.539Z", "user": 2, "content_type": 3, "object_id": "68", "object_repr": "Voice Label: Retrieve report", "action_flag": 1, "change_message": "[{\"added\": {}}, {\"added\": {\"name\": \"Voice Fragment\", \"object\": \"Voice Fragment: (English) Retrieve report\"}}]"}}, {"model": "admin.logentry", "pk": 47, "fields": {"action_time": "2020-04-29T11:58:51.800Z", "user": 2, "content_type": 3, "object_id": "69", "object_repr": "Voice Label: Select one of the following incident report catgs", "action_flag": 1, "change_message": "[{\"added\": {}}, {\"added\": {\"name\": \"Voice Fragment\", \"object\": \"Voice Fragment: (English) Select one of the following incident report catgs\"}}]"}}, {"model": "admin.logentry", "pk": 48, "fields": {"action_time": "2020-04-29T11:59:05.420Z", "user": 2, "content_type": 3, "object_id": "70", "object_repr": "Voice Label: Select one of the following initiative report ctgs", "action_flag": 1, "change_message": "[{\"added\": {}}, {\"added\": {\"name\": \"Voice Fragment\", \"object\": \"Voice Fragment: (English) Select one of the following initiative report ctgs\"}}]"}}, {"model": "admin.logentry", "pk": 49, "fields": {"action_time": "2020-04-29T11:59:27.386Z", "user": 2, "content_type": 3, "object_id": "71", "object_repr": "Voice Label: Select time duration", "action_flag": 1, "change_message": "[{\"added\": {}}, {\"added\": {\"name\": \"Voice Fragment\", \"object\": \"Voice Fragment: (English) Select time duration\"}}]"}}, {"model": "admin.logentry", "pk": 50, "fields": {"action_time": "2020-04-29T11:59:38.350Z", "user": 2, "content_type": 3, "object_id": "72", "object_repr": "Voice Label: Submit new report", "action_flag": 1, "change_message": "[{\"added\": {}}, {\"added\": {\"name\": \"Voice Fragment\", \"object\": \"Voice Fragment: (English) Submit new report\"}}]"}}, {"model": "admin.logentry", "pk": 51, "fields": {"action_time": "2020-04-29T11:59:47.701Z", "user": 2, "content_type": 3, "object_id": "73", "object_repr": "Voice Label: Sustainability initiative", "action_flag": 1, "change_message": "[{\"added\": {}}, {\"added\": {\"name\": \"Voice Fragment\", \"object\": \"Voice Fragment: (English) Sustainability initiative\"}}]"}}, {"model": "admin.logentry", "pk": 52, "fields": {"action_time": "2020-04-29T11:59:57.721Z", "user": 2, "content_type": 3, "object_id": "74", "object_repr": "Voice Label: Thankyou for using vacarpa", "action_flag": 1, "change_message": "[{\"added\": {}}, {\"added\": {\"name\": \"Voice Fragment\", \"object\": \"Voice Fragment: (English) Thankyou for using vacarpa\"}}]"}}, {"model": "admin.logentry", "pk": 53, "fields": {"action_time": "2020-04-29T12:00:07.160Z", "user": 2, "content_type": 3, "object_id": "75", "object_repr": "Voice Label: The reports of the last month are", "action_flag": 1, "change_message": "[{\"added\": {}}, {\"added\": {\"name\": \"Voice Fragment\", \"object\": \"Voice Fragment: (English) The reports of the last month are\"}}]"}}, {"model": "admin.logentry", "pk": 54, "fields": {"action_time": "2020-04-29T12:00:15.599Z", "user": 2, "content_type": 3, "object_id": "76", "object_repr": "Voice Label: The reports of the last year are", "action_flag": 1, "change_message": "[{\"added\": {}}, {\"added\": {\"name\": \"Voice Fragment\", \"object\": \"Voice Fragment: (English) The reports of the last year are\"}}]"}}, {"model": "admin.logentry", "pk": 55, "fields": {"action_time": "2020-04-29T12:00:29.559Z", "user": 2, "content_type": 3, "object_id": "77", "object_repr": "Voice Label: Type", "action_flag": 1, "change_message": "[{\"added\": {}}, {\"added\": {\"name\": \"Voice Fragment\", \"object\": \"Voice Fragment: (English) Type\"}}]"}}, {"model": "admin.logentry", "pk": 56, "fields": {"action_time": "2020-04-29T12:00:39.791Z", "user": 2, "content_type": 3, "object_id": "78", "object_repr": "Voice Label: Wages", "action_flag": 1, "change_message": "[{\"added\": {}}, {\"added\": {\"name\": \"Voice Fragment\", \"object\": \"Voice Fragment: (English) Wages\"}}]"}}, {"model": "admin.logentry", "pk": 57, "fields": {"action_time": "2020-04-29T12:00:48.869Z", "user": 2, "content_type": 3, "object_id": "79", "object_repr": "Voice Label: Wages initiative", "action_flag": 1, "change_message": "[{\"added\": {}}, {\"added\": {\"name\": \"Voice Fragment\", \"object\": \"Voice Fragment: (English) Wages initiative\"}}]"}}, {"model": "admin.logentry", "pk": 58, "fields": {"action_time": "2020-04-29T12:00:56.990Z", "user": 2, "content_type": 3, "object_id": "80", "object_repr": "Voice Label: Welcome to vacarpa", "action_flag": 1, "change_message": "[{\"added\": {}}, {\"added\": {\"name\": \"Voice Fragment\", \"object\": \"Voice Fragment: (English) Welcome to vacarpa\"}}]"}}, {"model": "admin.logentry", "pk": 59, "fields": {"action_time": "2020-04-29T12:01:06.522Z", "user": 2, "content_type": 3, "object_id": "81", "object_repr": "Voice Label: What do you want to do", "action_flag": 1, "change_message": "[{\"added\": {}}, {\"added\": {\"name\": \"Voice Fragment\", \"object\": \"Voice Fragment: (English) What do you want to do\"}}]"}}, {"model": "admin.logentry", "pk": 60, "fields": {"action_time": "2020-04-29T12:01:17.921Z", "user": 2, "content_type": 3, "object_id": "82", "object_repr": "Voice Label: Yes VACARPA", "action_flag": 1, "change_message": "[{\"added\": {}}, {\"added\": {\"name\": \"Voice Fragment\", \"object\": \"Voice Fragment: (English) Yes VACARPA\"}}]"}}, {"model": "admin.logentry", "pk": 61, "fields": {"action_time": "2020-04-29T12:01:34.108Z", "user": 2, "content_type": 3, "object_id": "83", "object_repr": "Voice Label: You are about to report an incident", "action_flag": 1, "change_message": "[{\"added\": {}}, {\"added\": {\"name\": \"Voice Fragment\", \"object\": \"Voice Fragment: (English) You are about to report an incident\"}}]"}}, {"model": "admin.logentry", "pk": 62, "fields": {"action_time": "2020-04-29T12:01:44.079Z", "user": 2, "content_type": 3, "object_id": "84", "object_repr": "Voice Label: You are about to report an initiative", "action_flag": 1, "change_message": "[{\"added\": {}}, {\"added\": {\"name\": \"Voice Fragment\", \"object\": \"Voice Fragment: (English) You are about to report an initiative\"}}]"}}, {"model": "admin.logentry", "pk": 63, "fields": {"action_time": "2020-04-29T12:01:50.209Z", "user": 2, "content_type": 3, "object_id": "85", "object_repr": "Voice Label: You are about to submit an incident", "action_flag": 1, "change_message": "[{\"added\": {}}, {\"added\": {\"name\": \"Voice Fragment\", \"object\": \"Voice Fragment: (English) You are about to submit an incident\"}}]"}}, {"model": "admin.logentry", "pk": 64, "fields": {"action_time": "2020-04-29T12:01:58.836Z", "user": 2, "content_type": 3, "object_id": "86", "object_repr": "Voice Label: You are about to submit an initiative", "action_flag": 1, "change_message": "[{\"added\": {}}, {\"added\": {\"name\": \"Voice Fragment\", \"object\": \"Voice Fragment: (English) You are about to submit an initiative\"}}]"}}, {"model": "admin.logentry", "pk": 65, "fields": {"action_time": "2020-04-29T12:05:46.468Z", "user": 2, "content_type": 3, "object_id": "26", "object_repr": "Voice Label: 1 incident regarding child labor", "action_flag": 2, "change_message": "[{\"added\": {\"name\": \"Voice Fragment\", \"object\": \"Voice Fragment: (Francais) 1 incident regarding child labor\"}}]"}}, {"model": "admin.logentry", "pk": 66, "fields": {"action_time": "2020-04-29T12:06:11.335Z", "user": 2, "content_type": 3, "object_id": "26", "object_repr": "Voice Label: 1 incident regarding child labor", "action_flag": 2, "change_message": "[{\"changed\": {\"name\": \"Voice Fragment\", \"object\": \"Voice Fragment: (Francais) 1 incident regarding child labor\", \"fields\": [\"Audio\"]}}]"}}, {"model": "admin.logentry", "pk": 67, "fields": {"action_time": "2020-04-29T12:06:29.664Z", "user": 2, "content_type": 3, "object_id": "27", "object_repr": "Voice Label: 3 initiatives regarding wages", "action_flag": 2, "change_message": "[{\"added\": {\"name\": \"Voice Fragment\", \"object\": \"Voice Fragment: (Francais) 3 initiatives regarding wages\"}}]"}}, {"model": "admin.logentry", "pk": 68, "fields": {"action_time": "2020-04-29T12:06:43.518Z", "user": 2, "content_type": 3, "object_id": "28", "object_repr": "Voice Label: Alpha", "action_flag": 2, "change_message": "[{\"added\": {\"name\": \"Voice Fragment\", \"object\": \"Voice Fragment: (Francais) Alpha\"}}]"}}, {"model": "admin.logentry", "pk": 69, "fields": {"action_time": "2020-04-29T12:07:13.897Z", "user": 2, "content_type": 3, "object_id": "29", "object_repr": "Voice Label: Beta", "action_flag": 2, "change_message": "[{\"added\": {\"name\": \"Voice Fragment\", \"object\": \"Voice Fragment: (Francais) Beta\"}}]"}}, {"model": "admin.logentry", "pk": 70, "fields": {"action_time": "2020-04-29T12:07:34.744Z", "user": 2, "content_type": 3, "object_id": "31", "object_repr": "Voice Label: Bye", "action_flag": 2, "change_message": "[{\"added\": {\"name\": \"Voice Fragment\", \"object\": \"Voice Fragment: (Francais) Bye\"}}]"}}, {"model": "admin.logentry", "pk": 71, "fields": {"action_time": "2020-04-29T12:07:50.693Z", "user": 2, "content_type": 3, "object_id": "31", "object_repr": "Voice Label: Bye", "action_flag": 2, "change_message": "[]"}}, {"model": "admin.logentry", "pk": 72, "fields": {"action_time": "2020-04-29T12:08:02.024Z", "user": 2, "content_type": 3, "object_id": "32", "object_repr": "Voice Label: Category", "action_flag": 2, "change_message": "[{\"added\": {\"name\": \"Voice Fragment\", \"object\": \"Voice Fragment: (Francais) Category\"}}]"}}, {"model": "admin.logentry", "pk": 73, "fields": {"action_time": "2020-04-29T12:08:17.785Z", "user": 2, "content_type": 3, "object_id": "33", "object_repr": "Voice Label: Charlie", "action_flag": 2, "change_message": "[{\"added\": {\"name\": \"Voice Fragment\", \"object\": \"Voice Fragment: (Francais) Charlie\"}}]"}}, {"model": "admin.logentry", "pk": 74, "fields": {"action_time": "2020-04-29T12:08:30.133Z", "user": 2, "content_type": 3, "object_id": "34", "object_repr": "Voice Label: Child labor", "action_flag": 2, "change_message": "[{\"added\": {\"name\": \"Voice Fragment\", \"object\": \"Voice Fragment: (Francais) Child labor\"}}]"}}, {"model": "admin.logentry", "pk": 75, "fields": {"action_time": "2020-04-29T12:08:46.974Z", "user": 2, "content_type": 3, "object_id": "35", "object_repr": "Voice Label: Company", "action_flag": 2, "change_message": "[{\"added\": {\"name\": \"Voice Fragment\", \"object\": \"Voice Fragment: (Francais) Company\"}}]"}}, {"model": "admin.logentry", "pk": 76, "fields": {"action_time": "2020-04-29T12:09:50.364Z", "user": 2, "content_type": 3, "object_id": "36", "object_repr": "Voice Label: Company selected alpha", "action_flag": 2, "change_message": "[{\"added\": {\"name\": \"Voice Fragment\", \"object\": \"Voice Fragment: (Francais) Company selected alpha\"}}]"}}, {"model": "admin.logentry", "pk": 77, "fields": {"action_time": "2020-04-29T12:10:18.522Z", "user": 2, "content_type": 3, "object_id": "37", "object_repr": "Voice Label: Company selected beta", "action_flag": 2, "change_message": "[{\"added\": {\"name\": \"Voice Fragment\", \"object\": \"Voice Fragment: (Francais) Company selected beta\"}}]"}}, {"model": "admin.logentry", "pk": 78, "fields": {"action_time": "2020-04-29T12:10:37.616Z", "user": 2, "content_type": 3, "object_id": "38", "object_repr": "Voice Label: Company selected charlie", "action_flag": 2, "change_message": "[{\"added\": {\"name\": \"Voice Fragment\", \"object\": \"Voice Fragment: (Francais) Company selected charlie\"}}]"}}, {"model": "admin.logentry", "pk": 79, "fields": {"action_time": "2020-04-29T12:10:55.486Z", "user": 2, "content_type": 3, "object_id": "39", "object_repr": "Voice Label: Company selected delta", "action_flag": 2, "change_message": "[{\"added\": {\"name\": \"Voice Fragment\", \"object\": \"Voice Fragment: (Francais) Company selected delta\"}}]"}}, {"model": "admin.logentry", "pk": 80, "fields": {"action_time": "2020-04-29T12:11:06.985Z", "user": 2, "content_type": 3, "object_id": "40", "object_repr": "Voice Label: Confirm and submit", "action_flag": 2, "change_message": "[{\"added\": {\"name\": \"Voice Fragment\", \"object\": \"Voice Fragment: (Francais) Confirm and submit\"}}]"}}, {"model": "admin.logentry", "pk": 81, "fields": {"action_time": "2020-04-29T12:11:21.255Z", "user": 2, "content_type": 3, "object_id": "41", "object_repr": "Voice Label: Delta", "action_flag": 2, "change_message": "[{\"added\": {\"name\": \"Voice Fragment\", \"object\": \"Voice Fragment: (Francais) Delta\"}}]"}}, {"model": "admin.logentry", "pk": 82, "fields": {"action_time": "2020-04-29T12:11:34.339Z", "user": 2, "content_type": 3, "object_id": "42", "object_repr": "Voice Label: Discard this report", "action_flag": 2, "change_message": "[{\"added\": {\"name\": \"Voice Fragment\", \"object\": \"Voice Fragment: (Francais) Discard this report\"}}]"}}, {"model": "admin.logentry", "pk": 83, "fields": {"action_time": "2020-04-29T12:11:52.918Z", "user": 2, "content_type": 3, "object_id": "43", "object_repr": "Voice Label: Do you want to restart vacarpa", "action_flag": 2, "change_message": "[{\"added\": {\"name\": \"Voice Fragment\", \"object\": \"Voice Fragment: (Francais) Do you want to restart vacarpa\"}}]"}}, {"model": "admin.logentry", "pk": 84, "fields": {"action_time": "2020-04-29T12:12:10.294Z", "user": 2, "content_type": 3, "object_id": "44", "object_repr": "Voice Label: Labor circumstances", "action_flag": 2, "change_message": "[{\"added\": {\"name\": \"Voice Fragment\", \"object\": \"Voice Fragment: (Francais) Labor circumstances\"}}]"}}, {"model": "admin.logentry", "pk": 85, "fields": {"action_time": "2020-04-29T12:13:10.042Z", "user": 2, "content_type": 3, "object_id": "45", "object_repr": "Voice Label: Labor circumstances initiative", "action_flag": 3, "change_message": ""}}, {"model": "admin.logentry", "pk": 86, "fields": {"action_time": "2020-04-29T12:13:33.854Z", "user": 2, "content_type": 3, "object_id": "47", "object_repr": "Voice Label: Last month", "action_flag": 2, "change_message": "[{\"added\": {\"name\": \"Voice Fragment\", \"object\": \"Voice Fragment: (Francais) Last month\"}}]"}}, {"model": "admin.logentry", "pk": 87, "fields": {"action_time": "2020-04-29T12:13:49.527Z", "user": 2, "content_type": 3, "object_id": "48", "object_repr": "Voice Label: Last year", "action_flag": 2, "change_message": "[{\"added\": {\"name\": \"Voice Fragment\", \"object\": \"Voice Fragment: (Francais) Last year\"}}]"}}, {"model": "admin.logentry", "pk": 88, "fields": {"action_time": "2020-04-29T12:14:02.933Z", "user": 2, "content_type": 3, "object_id": "49", "object_repr": "Voice Label: Management", "action_flag": 2, "change_message": "[{\"added\": {\"name\": \"Voice Fragment\", \"object\": \"Voice Fragment: (Francais) Management\"}}]"}}, {"model": "admin.logentry", "pk": 89, "fields": {"action_time": "2020-04-29T12:14:22.955Z", "user": 2, "content_type": 3, "object_id": "50", "object_repr": "Voice Label: Management initiative", "action_flag": 3, "change_message": ""}}, {"model": "admin.logentry", "pk": 90, "fields": {"action_time": "2020-04-29T12:14:37.899Z", "user": 2, "content_type": 3, "object_id": "51", "object_repr": "Voice Label: No VACARPA", "action_flag": 2, "change_message": "[{\"added\": {\"name\": \"Voice Fragment\", \"object\": \"Voice Fragment: (Francais) No VACARPA\"}}]"}}, {"model": "admin.logentry", "pk": 91, "fields": {"action_time": "2020-04-29T12:14:57.565Z", "user": 2, "content_type": 3, "object_id": "52", "object_repr": "Voice Label: Please select a company", "action_flag": 2, "change_message": "[{\"added\": {\"name\": \"Voice Fragment\", \"object\": \"Voice Fragment: (Francais) Please select a company\"}}]"}}, {"model": "admin.logentry", "pk": 92, "fields": {"action_time": "2020-04-29T12:15:29.284Z", "user": 2, "content_type": 3, "object_id": "53", "object_repr": "Voice Label: Please select a region", "action_flag": 2, "change_message": "[{\"added\": {\"name\": \"Voice Fragment\", \"object\": \"Voice Fragment: (Francais) Please select a region\"}}]"}}, {"model": "admin.logentry", "pk": 93, "fields": {"action_time": "2020-04-29T12:15:41.873Z", "user": 2, "content_type": 3, "object_id": "54", "object_repr": "Voice Label: Region1", "action_flag": 2, "change_message": "[{\"added\": {\"name\": \"Voice Fragment\", \"object\": \"Voice Fragment: (Francais) Region1\"}}]"}}, {"model": "admin.logentry", "pk": 94, "fields": {"action_time": "2020-04-29T12:15:54.644Z", "user": 2, "content_type": 3, "object_id": "55", "object_repr": "Voice Label: Region2", "action_flag": 2, "change_message": "[{\"added\": {\"name\": \"Voice Fragment\", \"object\": \"Voice Fragment: (Francais) Region2\"}}]"}}, {"model": "admin.logentry", "pk": 95, "fields": {"action_time": "2020-04-29T12:16:06.576Z", "user": 2, "content_type": 3, "object_id": "56", "object_repr": "Voice Label: Region", "action_flag": 2, "change_message": "[{\"added\": {\"name\": \"Voice Fragment\", \"object\": \"Voice Fragment: (Francais) Region\"}}]"}}, {"model": "admin.logentry", "pk": 96, "fields": {"action_time": "2020-04-29T12:16:20.184Z", "user": 2, "content_type": 3, "object_id": "57", "object_repr": "Voice Label: Region selected is region1", "action_flag": 2, "change_message": "[{\"added\": {\"name\": \"Voice Fragment\", \"object\": \"Voice Fragment: (Francais) Region selected is region1\"}}]"}}, {"model": "admin.logentry", "pk": 97, "fields": {"action_time": "2020-04-29T12:16:31.734Z", "user": 2, "content_type": 3, "object_id": "58", "object_repr": "Voice Label: Region selected is region2", "action_flag": 2, "change_message": "[{\"added\": {\"name\": \"Voice Fragment\", \"object\": \"Voice Fragment: (Francais) Region selected is region2\"}}]"}}, {"model": "admin.logentry", "pk": 98, "fields": {"action_time": "2020-04-29T12:16:50.994Z", "user": 2, "content_type": 3, "object_id": "59", "object_repr": "Voice Label: Report an incident", "action_flag": 2, "change_message": "[{\"added\": {\"name\": \"Voice Fragment\", \"object\": \"Voice Fragment: (Francais) Report an incident\"}}]"}}, {"model": "admin.logentry", "pk": 99, "fields": {"action_time": "2020-04-29T12:17:12.495Z", "user": 2, "content_type": 3, "object_id": "60", "object_repr": "Voice Label: Report an initiative", "action_flag": 2, "change_message": "[{\"added\": {\"name\": \"Voice Fragment\", \"object\": \"Voice Fragment: (Francais) Report an initiative\"}}]"}}, {"model": "admin.logentry", "pk": 100, "fields": {"action_time": "2020-04-29T12:17:25.026Z", "user": 2, "content_type": 3, "object_id": "61", "object_repr": "Voice Label: Report category selected child labor", "action_flag": 2, "change_message": "[{\"added\": {\"name\": \"Voice Fragment\", \"object\": \"Voice Fragment: (Francais) Report category selected child labor\"}}]"}}, {"model": "admin.logentry", "pk": 101, "fields": {"action_time": "2020-04-29T12:17:37.505Z", "user": 2, "content_type": 3, "object_id": "62", "object_repr": "Voice Label: Report category selected labor circumstances", "action_flag": 2, "change_message": "[{\"added\": {\"name\": \"Voice Fragment\", \"object\": \"Voice Fragment: (Francais) Report category selected labor circumstances\"}}]"}}, {"model": "admin.logentry", "pk": 102, "fields": {"action_time": "2020-04-29T12:17:49.743Z", "user": 2, "content_type": 3, "object_id": "63", "object_repr": "Voice Label: Report category selected managament", "action_flag": 2, "change_message": "[{\"added\": {\"name\": \"Voice Fragment\", \"object\": \"Voice Fragment: (Francais) Report category selected managament\"}}]"}}, {"model": "admin.logentry", "pk": 103, "fields": {"action_time": "2020-04-29T12:18:00.275Z", "user": 2, "content_type": 3, "object_id": "64", "object_repr": "Voice Label: Report category selected sustainability", "action_flag": 2, "change_message": "[{\"added\": {\"name\": \"Voice Fragment\", \"object\": \"Voice Fragment: (Francais) Report category selected sustainability\"}}]"}}, {"model": "admin.logentry", "pk": 104, "fields": {"action_time": "2020-04-29T12:18:15.747Z", "user": 2, "content_type": 3, "object_id": "65", "object_repr": "Voice Label: Report category selected wages", "action_flag": 2, "change_message": "[{\"added\": {\"name\": \"Voice Fragment\", \"object\": \"Voice Fragment: (Francais) Report category selected wages\"}}]"}}, {"model": "admin.logentry", "pk": 105, "fields": {"action_time": "2020-04-29T12:18:34.481Z", "user": 2, "content_type": 3, "object_id": "66", "object_repr": "Voice Label: Report discarded", "action_flag": 2, "change_message": "[{\"added\": {\"name\": \"Voice Fragment\", \"object\": \"Voice Fragment: (Francais) Report discarded\"}}]"}}, {"model": "admin.logentry", "pk": 106, "fields": {"action_time": "2020-04-29T12:18:45.917Z", "user": 2, "content_type": 3, "object_id": "67", "object_repr": "Voice Label: Report succesfully submitted", "action_flag": 2, "change_message": "[{\"added\": {\"name\": \"Voice Fragment\", \"object\": \"Voice Fragment: (Francais) Report succesfully submitted\"}}]"}}, {"model": "admin.logentry", "pk": 107, "fields": {"action_time": "2020-04-29T12:18:59.151Z", "user": 2, "content_type": 3, "object_id": "68", "object_repr": "Voice Label: Retrieve report", "action_flag": 2, "change_message": "[{\"added\": {\"name\": \"Voice Fragment\", \"object\": \"Voice Fragment: (Francais) Retrieve report\"}}]"}}, {"model": "admin.logentry", "pk": 108, "fields": {"action_time": "2020-04-29T12:19:22.895Z", "user": 2, "content_type": 3, "object_id": "69", "object_repr": "Voice Label: Select one of the following incident report catgs", "action_flag": 2, "change_message": "[{\"added\": {\"name\": \"Voice Fragment\", \"object\": \"Voice Fragment: (Francais) Select one of the following incident report catgs\"}}]"}}, {"model": "admin.logentry", "pk": 109, "fields": {"action_time": "2020-04-29T12:19:52.071Z", "user": 2, "content_type": 3, "object_id": "70", "object_repr": "Voice Label: Select one of the following initiative report ctgs", "action_flag": 2, "change_message": "[{\"added\": {\"name\": \"Voice Fragment\", \"object\": \"Voice Fragment: (Francais) Select one of the following initiative report ctgs\"}}]"}}, {"model": "admin.logentry", "pk": 110, "fields": {"action_time": "2020-04-29T12:20:02.376Z", "user": 2, "content_type": 3, "object_id": "71", "object_repr": "Voice Label: Select time duration", "action_flag": 2, "change_message": "[{\"added\": {\"name\": \"Voice Fragment\", \"object\": \"Voice Fragment: (Francais) Select time duration\"}}]"}}, {"model": "admin.logentry", "pk": 111, "fields": {"action_time": "2020-04-29T12:20:15.463Z", "user": 2, "content_type": 3, "object_id": "72", "object_repr": "Voice Label: Submit new report", "action_flag": 2, "change_message": "[{\"added\": {\"name\": \"Voice Fragment\", \"object\": \"Voice Fragment: (Francais) Submit new report\"}}]"}}, {"model": "admin.logentry", "pk": 112, "fields": {"action_time": "2020-04-29T12:20:32.374Z", "user": 2, "content_type": 3, "object_id": "73", "object_repr": "Voice Label: Sustainability initiative", "action_flag": 2, "change_message": "[{\"added\": {\"name\": \"Voice Fragment\", \"object\": \"Voice Fragment: (Francais) Sustainability initiative\"}}]"}}, {"model": "admin.logentry", "pk": 113, "fields": {"action_time": "2020-04-29T12:20:44.426Z", "user": 2, "content_type": 3, "object_id": "74", "object_repr": "Voice Label: Thankyou for using vacarpa", "action_flag": 2, "change_message": "[{\"added\": {\"name\": \"Voice Fragment\", \"object\": \"Voice Fragment: (Francais) Thankyou for using vacarpa\"}}]"}}, {"model": "admin.logentry", "pk": 114, "fields": {"action_time": "2020-04-29T12:21:28.318Z", "user": 2, "content_type": 3, "object_id": "75", "object_repr": "Voice Label: The reports of the last month are", "action_flag": 2, "change_message": "[{\"added\": {\"name\": \"Voice Fragment\", \"object\": \"Voice Fragment: (Francais) The reports of the last month are\"}}]"}}, {"model": "admin.logentry", "pk": 115, "fields": {"action_time": "2020-04-29T12:21:42.787Z", "user": 2, "content_type": 3, "object_id": "76", "object_repr": "Voice Label: The reports of the last year are", "action_flag": 2, "change_message": "[{\"added\": {\"name\": \"Voice Fragment\", \"object\": \"Voice Fragment: (Francais) The reports of the last year are\"}}]"}}, {"model": "admin.logentry", "pk": 116, "fields": {"action_time": "2020-04-29T12:21:57.503Z", "user": 2, "content_type": 3, "object_id": "77", "object_repr": "Voice Label: Type", "action_flag": 2, "change_message": "[{\"added\": {\"name\": \"Voice Fragment\", \"object\": \"Voice Fragment: (Francais) Type\"}}]"}}, {"model": "admin.logentry", "pk": 117, "fields": {"action_time": "2020-04-29T12:22:13.302Z", "user": 2, "content_type": 3, "object_id": "78", "object_repr": "Voice Label: Wages", "action_flag": 2, "change_message": "[{\"added\": {\"name\": \"Voice Fragment\", \"object\": \"Voice Fragment: (Francais) Wages\"}}]"}}, {"model": "admin.logentry", "pk": 118, "fields": {"action_time": "2020-04-29T12:22:24.943Z", "user": 2, "content_type": 3, "object_id": "79", "object_repr": "Voice Label: Wages initiative", "action_flag": 2, "change_message": "[{\"added\": {\"name\": \"Voice Fragment\", \"object\": \"Voice Fragment: (Francais) Wages initiative\"}}]"}}, {"model": "admin.logentry", "pk": 119, "fields": {"action_time": "2020-04-29T12:27:06.599Z", "user": 2, "content_type": 3, "object_id": "79", "object_repr": "Voice Label: Wages initiative", "action_flag": 3, "change_message": ""}}, {"model": "admin.logentry", "pk": 120, "fields": {"action_time": "2020-04-29T12:27:23.603Z", "user": 2, "content_type": 3, "object_id": "80", "object_repr": "Voice Label: Welcome to vacarpa", "action_flag": 2, "change_message": "[{\"added\": {\"name\": \"Voice Fragment\", \"object\": \"Voice Fragment: (Francais) Welcome to vacarpa\"}}]"}}, {"model": "admin.logentry", "pk": 121, "fields": {"action_time": "2020-04-29T12:27:36.133Z", "user": 2, "content_type": 3, "object_id": "81", "object_repr": "Voice Label: What do you want to do", "action_flag": 2, "change_message": "[{\"added\": {\"name\": \"Voice Fragment\", \"object\": \"Voice Fragment: (Francais) What do you want to do\"}}]"}}, {"model": "admin.logentry", "pk": 122, "fields": {"action_time": "2020-04-29T12:27:50.550Z", "user": 2, "content_type": 3, "object_id": "82", "object_repr": "Voice Label: Yes VACARPA", "action_flag": 2, "change_message": "[{\"added\": {\"name\": \"Voice Fragment\", \"object\": \"Voice Fragment: (Francais) Yes VACARPA\"}}]"}}, {"model": "admin.logentry", "pk": 123, "fields": {"action_time": "2020-04-29T12:28:04.933Z", "user": 2, "content_type": 3, "object_id": "83", "object_repr": "Voice Label: You are about to report an incident", "action_flag": 2, "change_message": "[{\"added\": {\"name\": \"Voice Fragment\", \"object\": \"Voice Fragment: (Francais) You are about to report an incident\"}}]"}}, {"model": "admin.logentry", "pk": 124, "fields": {"action_time": "2020-04-29T12:28:16.825Z", "user": 2, "content_type": 3, "object_id": "84", "object_repr": "Voice Label: You are about to report an initiative", "action_flag": 2, "change_message": "[{\"added\": {\"name\": \"Voice Fragment\", \"object\": \"Voice Fragment: (Francais) You are about to report an initiative\"}}]"}}, {"model": "admin.logentry", "pk": 125, "fields": {"action_time": "2020-04-29T12:28:29.264Z", "user": 2, "content_type": 3, "object_id": "85", "object_repr": "Voice Label: You are about to submit an incident", "action_flag": 2, "change_message": "[{\"added\": {\"name\": \"Voice Fragment\", \"object\": \"Voice Fragment: (Francais) You are about to submit an incident\"}}]"}}, {"model": "admin.logentry", "pk": 126, "fields": {"action_time": "2020-04-29T12:28:43.074Z", "user": 2, "content_type": 3, "object_id": "86", "object_repr": "Voice Label: You are about to submit an initiative", "action_flag": 2, "change_message": "[{\"added\": {\"name\": \"Voice Fragment\", \"object\": \"Voice Fragment: (Francais) You are about to submit an initiative\"}}]"}}, {"model": "admin.logentry", "pk": 127, "fields": {"action_time": "2020-04-29T12:32:26.273Z", "user": 2, "content_type": 14, "object_id": "8", "object_repr": "Message: Thank you for using VACARPA", "action_flag": 1, "change_message": "[{\"added\": {}}]"}}, {"model": "admin.logentry", "pk": 128, "fields": {"action_time": "2020-04-29T12:35:02.804Z", "user": 2, "content_type": 14, "object_id": "9", "object_repr": "Message: Bye", "action_flag": 1, "change_message": "[{\"added\": {}}]"}}, {"model": "admin.logentry", "pk": 129, "fields": {"action_time": "2020-04-29T12:35:12.292Z", "user": 2, "content_type": 14, "object_id": "8", "object_repr": "Message: Thank you for using VACARPA", "action_flag": 2, "change_message": "[{\"changed\": {\"fields\": [\"Redirect element\", \"This element will terminate the call\"]}}]"}}, {"model": "admin.logentry", "pk": 130, "fields": {"action_time": "2020-04-29T12:36:37.608Z", "user": 2, "content_type": 11, "object_id": "10", "object_repr": "Select a region", "action_flag": 1, "change_message": "[{\"added\": {}}, {\"added\": {\"name\": \"Voice Service\", \"object\": \"(Select a region): Region 1\"}}, {\"added\": {\"name\": \"Voice Service\", \"object\": \"(Select a region): Region 2\"}}]"}}, {"model": "admin.logentry", "pk": 131, "fields": {"action_time": "2020-04-29T12:36:46.312Z", "user": 2, "content_type": 11, "object_id": "10", "object_repr": "Select a region", "action_flag": 2, "change_message": "[]"}}, {"model": "admin.logentry", "pk": 132, "fields": {"action_time": "2020-04-29T12:38:00.570Z", "user": 2, "content_type": 11, "object_id": "13", "object_repr": "Select a company in Region 1", "action_flag": 1, "change_message": "[{\"added\": {}}, {\"added\": {\"name\": \"Voice Service\", \"object\": \"(Select a company in Region 1): Alpha\"}}, {\"added\": {\"name\": \"Voice Service\", \"object\": \"(Select a company in Region 1): Beta\"}}]"}}, {"model": "admin.logentry", "pk": 133, "fields": {"action_time": "2020-04-29T12:38:43.850Z", "user": 2, "content_type": 11, "object_id": "16", "object_repr": "Select a company in Region 2", "action_flag": 1, "change_message": "[{\"added\": {}}, {\"added\": {\"name\": \"Voice Service\", \"object\": \"(Select a company in Region 2): Charlie\"}}, {\"added\": {\"name\": \"Voice Service\", \"object\": \"(Select a company in Region 2): Delta\"}}]"}}, {"model": "admin.logentry", "pk": 134, "fields": {"action_time": "2020-04-29T12:39:49.482Z", "user": 2, "content_type": 11, "object_id": "19", "object_repr": "What do you want to do", "action_flag": 1, "change_message": "[{\"added\": {}}, {\"added\": {\"name\": \"Voice Service\", \"object\": \"(What do you want to do): Retrieve reports\"}}, {\"added\": {\"name\": \"Voice Service\", \"object\": \"(What do you want to do): Submit new report\"}}]"}}, {"model": "admin.logentry", "pk": 135, "fields": {"action_time": "2020-04-29T12:40:51.154Z", "user": 2, "content_type": 11, "object_id": "22", "object_repr": "Select time duration for retrieving reports", "action_flag": 1, "change_message": "[{\"added\": {}}, {\"added\": {\"name\": \"Voice Service\", \"object\": \"(Select time duration for retrieving reports): Last month\"}}, {\"added\": {\"name\": \"Voice Service\", \"object\": \"(Select time duration for retrieving reports): Last year\"}}]"}}, {"model": "admin.logentry", "pk": 136, "fields": {"action_time": "2020-04-29T12:41:39.289Z", "user": 2, "content_type": 11, "object_id": "25", "object_repr": "Do you want to restart vacarpa", "action_flag": 1, "change_message": "[{\"added\": {}}, {\"added\": {\"name\": \"Voice Service\", \"object\": \"(Do you want to restart vacarpa): Yes\"}}, {\"added\": {\"name\": \"Voice Service\", \"object\": \"(Do you want to restart vacarpa): No\"}}]"}}, {"model": "admin.logentry", "pk": 137, "fields": {"action_time": "2020-04-29T12:45:45.508Z", "user": 2, "content_type": 11, "object_id": "28", "object_repr": "Select report type (incident or initiative)", "action_flag": 1, "change_message": "[{\"added\": {}}, {\"added\": {\"name\": \"Voice Service\", \"object\": \"(Select report type (incident or initiative)): Report an incident\"}}, {\"added\": {\"name\": \"Voice Service\", \"object\": \"(Select report type (incident or initiative)): Report an initiative\"}}]"}}, {"model": "admin.logentry", "pk": 138, "fields": {"action_time": "2020-04-29T12:49:24.714Z", "user": 2, "content_type": 11, "object_id": "31", "object_repr": "Select incident report category", "action_flag": 1, "change_message": "[{\"added\": {}}, {\"added\": {\"name\": \"Voice Service\", \"object\": \"(Select incident report category): Wages\"}}, {\"added\": {\"name\": \"Voice Service\", \"object\": \"(Select incident report category): Labor circumstances\"}}, {\"added\": {\"name\": \"Voice Service\", \"object\": \"(Select incident report category): Child labor\"}}, {\"added\": {\"name\": \"Voice Service\", \"object\": \"(Select incident report category): Management\"}}]"}}, {"model": "admin.logentry", "pk": 139, "fields": {"action_time": "2020-04-29T12:52:26.484Z", "user": 2, "content_type": 11, "object_id": "36", "object_repr": "Select initiative report category", "action_flag": 1, "change_message": "[{\"added\": {}}, {\"added\": {\"name\": \"Voice Service\", \"object\": \"(Select initiative report category): Wages\"}}, {\"added\": {\"name\": \"Voice Service\", \"object\": \"(Select initiative report category): Labor circumstances\"}}, {\"added\": {\"name\": \"Voice Service\", \"object\": \"(Select initiative report category): Management\"}}]"}}, {"model": "admin.logentry", "pk": 140, "fields": {"action_time": "2020-04-29T12:56:09.209Z", "user": 2, "content_type": 11, "object_id": "40", "object_repr": "Confirm or discard incident", "action_flag": 1, "change_message": "[{\"added\": {}}, {\"added\": {\"name\": \"Voice Service\", \"object\": \"(Confirm or discard incident): Confirm and submit\"}}, {\"added\": {\"name\": \"Voice Service\", \"object\": \"(Confirm or discard incident): Discard this report\"}}]"}}, {"model": "admin.logentry", "pk": 141, "fields": {"action_time": "2020-04-29T12:56:42.008Z", "user": 2, "content_type": 11, "object_id": "43", "object_repr": "Confirm or discard initiative", "action_flag": 1, "change_message": "[{\"added\": {}}, {\"added\": {\"name\": \"Voice Service\", \"object\": \"(Confirm or discard initiative): Confirm and submit\"}}, {\"added\": {\"name\": \"Voice Service\", \"object\": \"(Confirm or discard initiative): Discard this report\"}}]"}}, {"model": "admin.logentry", "pk": 142, "fields": {"action_time": "2020-04-29T12:57:46.283Z", "user": 2, "content_type": 14, "object_id": "46", "object_repr": "Message: Confirm selection Region 1", "action_flag": 1, "change_message": "[{\"added\": {}}]"}}, {"model": "admin.logentry", "pk": 143, "fields": {"action_time": "2020-04-29T12:58:01.167Z", "user": 2, "content_type": 14, "object_id": "47", "object_repr": "Message: Confirm selection Region 2", "action_flag": 1, "change_message": "[{\"added\": {}}]"}}, {"model": "admin.logentry", "pk": 144, "fields": {"action_time": "2020-04-29T12:58:51.753Z", "user": 2, "content_type": 14, "object_id": "48", "object_repr": "Message: Confirm selection Alpha", "action_flag": 1, "change_message": "[{\"added\": {}}]"}}, {"model": "admin.logentry", "pk": 145, "fields": {"action_time": "2020-04-29T12:59:07.801Z", "user": 2, "content_type": 14, "object_id": "49", "object_repr": "Message: Confirm selection Beta", "action_flag": 1, "change_message": "[{\"added\": {}}]"}}, {"model": "admin.logentry", "pk": 146, "fields": {"action_time": "2020-04-29T12:59:23.301Z", "user": 2, "content_type": 14, "object_id": "50", "object_repr": "Message: Confirm selection Charlie", "action_flag": 1, "change_message": "[{\"added\": {}}]"}}, {"model": "admin.logentry", "pk": 147, "fields": {"action_time": "2020-04-29T12:59:40.270Z", "user": 2, "content_type": 14, "object_id": "51", "object_repr": "Message: Confirm selection Deltta", "action_flag": 1, "change_message": "[{\"added\": {}}]"}}, {"model": "admin.logentry", "pk": 148, "fields": {"action_time": "2020-04-29T13:43:52.855Z", "user": 2, "content_type": 14, "object_id": "52", "object_repr": "Message: Confirm selection report type incident", "action_flag": 1, "change_message": "[{\"added\": {}}]"}}, {"model": "admin.logentry", "pk": 149, "fields": {"action_time": "2020-04-29T13:44:12.299Z", "user": 2, "content_type": 14, "object_id": "53", "object_repr": "Message: Confirm selection report type initiative", "action_flag": 1, "change_message": "[{\"added\": {}}]"}}, {"model": "admin.logentry", "pk": 150, "fields": {"action_time": "2020-04-29T13:45:43.097Z", "user": 2, "content_type": 14, "object_id": "54", "object_repr": "Message: Confirm selection report category wages incident", "action_flag": 1, "change_message": "[{\"added\": {}}]"}}, {"model": "admin.logentry", "pk": 151, "fields": {"action_time": "2020-04-29T13:46:08.705Z", "user": 2, "content_type": 14, "object_id": "55", "object_repr": "Message: Confirm selection report category labor circumstances incident", "action_flag": 1, "change_message": "[{\"added\": {}}]"}}, {"model": "admin.logentry", "pk": 152, "fields": {"action_time": "2020-04-29T13:46:41.264Z", "user": 2, "content_type": 14, "object_id": "56", "object_repr": "Message: Confirm selection report category child labor incident", "action_flag": 1, "change_message": "[{\"added\": {}}]"}}, {"model": "admin.logentry", "pk": 153, "fields": {"action_time": "2020-04-29T13:47:29.318Z", "user": 2, "content_type": 14, "object_id": "57", "object_repr": "Message: Confirm selection report category management incident", "action_flag": 1, "change_message": "[{\"added\": {}}]"}}, {"model": "admin.logentry", "pk": 154, "fields": {"action_time": "2020-04-29T13:48:10.984Z", "user": 2, "content_type": 14, "object_id": "58", "object_repr": "Message: Confirm selection report category sustainability incident", "action_flag": 1, "change_message": "[{\"added\": {}}]"}}, {"model": "admin.logentry", "pk": 155, "fields": {"action_time": "2020-04-29T13:48:30.282Z", "user": 2, "content_type": 14, "object_id": "59", "object_repr": "Message: Confirm selection report category sustainability initiative", "action_flag": 1, "change_message": "[{\"added\": {}}]"}}, {"model": "admin.logentry", "pk": 156, "fields": {"action_time": "2020-04-29T13:48:54.241Z", "user": 2, "content_type": 14, "object_id": "60", "object_repr": "Message: Confirm selection report category labor circumstances initiative", "action_flag": 1, "change_message": "[{\"added\": {}}]"}}, {"model": "admin.logentry", "pk": 157, "fields": {"action_time": "2020-04-29T13:49:28.235Z", "user": 2, "content_type": 14, "object_id": "61", "object_repr": "Message: Confirm selection report category wages initiative", "action_flag": 1, "change_message": "[{\"added\": {}}]"}}, {"model": "admin.logentry", "pk": 158, "fields": {"action_time": "2020-04-29T13:49:50.436Z", "user": 2, "content_type": 14, "object_id": "62", "object_repr": "Message: Confirm selection report category management initiative", "action_flag": 1, "change_message": "[{\"added\": {}}]"}}, {"model": "admin.logentry", "pk": 159, "fields": {"action_time": "2020-04-29T13:50:22.878Z", "user": 2, "content_type": 11, "object_id": "31", "object_repr": "Select incident report category", "action_flag": 2, "change_message": "[{\"added\": {\"name\": \"Voice Service\", \"object\": \"(Select incident report category): Sustainability\"}}]"}}, {"model": "admin.logentry", "pk": 160, "fields": {"action_time": "2020-04-29T13:51:04.403Z", "user": 2, "content_type": 3, "object_id": "73", "object_repr": "Voice Label: Sustainability", "action_flag": 2, "change_message": "[{\"changed\": {\"fields\": [\"Name\"]}}]"}}, {"model": "admin.logentry", "pk": 161, "fields": {"action_time": "2020-04-29T13:52:30.939Z", "user": 2, "content_type": 11, "object_id": "43", "object_repr": "Confirm or discard initiative", "action_flag": 2, "change_message": "[{\"changed\": {\"fields\": [\"Voice label\"]}}]"}}, {"model": "admin.logentry", "pk": 162, "fields": {"action_time": "2020-04-29T13:52:46.170Z", "user": 2, "content_type": 11, "object_id": "40", "object_repr": "Confirm or discard incident", "action_flag": 2, "change_message": "[{\"changed\": {\"fields\": [\"Voice label\"]}}]"}}, {"model": "admin.logentry", "pk": 163, "fields": {"action_time": "2020-04-29T13:55:53.600Z", "user": 2, "content_type": 14, "object_id": "64", "object_repr": "Message: The reports of the last year are", "action_flag": 1, "change_message": "[{\"added\": {}}]"}}, {"model": "admin.logentry", "pk": 164, "fields": {"action_time": "2020-04-29T13:56:11.236Z", "user": 2, "content_type": 14, "object_id": "65", "object_repr": "Message: The reports of the last month are", "action_flag": 1, "change_message": "[{\"added\": {}}]"}}, {"model": "admin.logentry", "pk": 165, "fields": {"action_time": "2020-04-29T13:56:54.239Z", "user": 2, "content_type": 14, "object_id": "66", "object_repr": "Message: Dummy for report retrieval 1", "action_flag": 1, "change_message": "[{\"added\": {}}]"}}, {"model": "admin.logentry", "pk": 166, "fields": {"action_time": "2020-04-29T13:57:08.377Z", "user": 2, "content_type": 14, "object_id": "67", "object_repr": "Message: Dummy for report retrieval 2", "action_flag": 1, "change_message": "[{\"added\": {}}]"}}, {"model": "admin.logentry", "pk": 167, "fields": {"action_time": "2020-04-29T13:57:27.660Z", "user": 2, "content_type": 14, "object_id": "68", "object_repr": "Message: Confirm report discarded", "action_flag": 1, "change_message": "[{\"added\": {}}]"}}, {"model": "admin.logentry", "pk": 168, "fields": {"action_time": "2020-04-29T13:58:10.092Z", "user": 2, "content_type": 14, "object_id": "69", "object_repr": "Message: Confirm report successfully submitted", "action_flag": 1, "change_message": "[{\"added\": {}}]"}}, {"model": "admin.logentry", "pk": 169, "fields": {"action_time": "2020-04-29T13:58:49.572Z", "user": 2, "content_type": 14, "object_id": "70", "object_repr": "Message: Welcome to vacarpa", "action_flag": 1, "change_message": "[{\"added\": {}}]"}}, {"model": "admin.logentry", "pk": 170, "fields": {"action_time": "2020-04-29T13:59:17.534Z", "user": 2, "content_type": 11, "object_id": "10", "object_repr": "Select a region", "action_flag": 2, "change_message": "[{\"changed\": {\"name\": \"Voice Service\", \"object\": \"(Select a region): Region 1\", \"fields\": [\"Redirect element\"]}}, {\"changed\": {\"name\": \"Voice Service\", \"object\": \"(Select a region): Region 2\", \"fields\": [\"Redirect element\"]}}]"}}, {"model": "admin.logentry", "pk": 171, "fields": {"action_time": "2020-04-29T13:59:52.665Z", "user": 2, "content_type": 11, "object_id": "13", "object_repr": "Select a company in Region 1", "action_flag": 2, "change_message": "[{\"changed\": {\"name\": \"Voice Service\", \"object\": \"(Select a company in Region 1): Alpha\", \"fields\": [\"Redirect element\"]}}, {\"changed\": {\"name\": \"Voice Service\", \"object\": \"(Select a company in Region 1): Beta\", \"fields\": [\"Redirect element\"]}}]"}}, {"model": "admin.logentry", "pk": 172, "fields": {"action_time": "2020-04-29T14:00:04.924Z", "user": 2, "content_type": 11, "object_id": "16", "object_repr": "Select a company in Region 2", "action_flag": 2, "change_message": "[{\"changed\": {\"name\": \"Voice Service\", \"object\": \"(Select a company in Region 2): Charlie\", \"fields\": [\"Redirect element\"]}}, {\"changed\": {\"name\": \"Voice Service\", \"object\": \"(Select a company in Region 2): Delta\", \"fields\": [\"Redirect element\"]}}]"}}, {"model": "admin.logentry", "pk": 173, "fields": {"action_time": "2020-04-29T14:00:55.466Z", "user": 2, "content_type": 11, "object_id": "19", "object_repr": "What do you want to do", "action_flag": 2, "change_message": "[{\"changed\": {\"name\": \"Voice Service\", \"object\": \"(What do you want to do): Retrieve reports\", \"fields\": [\"Redirect element\"]}}, {\"changed\": {\"name\": \"Voice Service\", \"object\": \"(What do you want to do): Submit new report\", \"fields\": [\"Redirect element\"]}}]"}}, {"model": "admin.logentry", "pk": 174, "fields": {"action_time": "2020-04-29T14:01:09.867Z", "user": 2, "content_type": 11, "object_id": "22", "object_repr": "Select time duration for retrieving reports", "action_flag": 2, "change_message": "[{\"changed\": {\"name\": \"Voice Service\", \"object\": \"(Select time duration for retrieving reports): Last month\", \"fields\": [\"Redirect element\"]}}, {\"changed\": {\"name\": \"Voice Service\", \"object\": \"(Select time duration for retrieving reports): Last year\", \"fields\": [\"Redirect element\"]}}]"}}, {"model": "admin.logentry", "pk": 175, "fields": {"action_time": "2020-04-29T14:01:39.475Z", "user": 2, "content_type": 11, "object_id": "25", "object_repr": "Do you want to restart vacarpa", "action_flag": 2, "change_message": "[{\"changed\": {\"name\": \"Voice Service\", \"object\": \"(Do you want to restart vacarpa): Yes\", \"fields\": [\"Redirect element\"]}}, {\"changed\": {\"name\": \"Voice Service\", \"object\": \"(Do you want to restart vacarpa): No\", \"fields\": [\"Redirect element\"]}}]"}}, {"model": "admin.logentry", "pk": 176, "fields": {"action_time": "2020-04-29T14:02:06.905Z", "user": 2, "content_type": 11, "object_id": "28", "object_repr": "Select report type (incident or initiative)", "action_flag": 2, "change_message": "[{\"changed\": {\"name\": \"Voice Service\", \"object\": \"(Select report type (incident or initiative)): Report an incident\", \"fields\": [\"Redirect element\"]}}, {\"changed\": {\"name\": \"Voice Service\", \"object\": \"(Select report type (incident or initiative)): Report an initiative\", \"fields\": [\"Redirect element\"]}}]"}}, {"model": "admin.logentry", "pk": 177, "fields": {"action_time": "2020-04-29T14:02:34.484Z", "user": 2, "content_type": 11, "object_id": "31", "object_repr": "Select incident report category", "action_flag": 2, "change_message": "[{\"changed\": {\"name\": \"Voice Service\", \"object\": \"(Select incident report category): Wages\", \"fields\": [\"Redirect element\"]}}, {\"changed\": {\"name\": \"Voice Service\", \"object\": \"(Select incident report category): Labor circumstances\", \"fields\": [\"Redirect element\"]}}, {\"changed\": {\"name\": \"Voice Service\", \"object\": \"(Select incident report category): Child labor\", \"fields\": [\"Redirect element\"]}}, {\"changed\": {\"name\": \"Voice Service\", \"object\": \"(Select incident report category): Management\", \"fields\": [\"Redirect element\"]}}, {\"changed\": {\"name\": \"Voice Service\", \"object\": \"(Select incident report category): Sustainability\", \"fields\": [\"Redirect element\"]}}]"}}, {"model": "admin.logentry", "pk": 178, "fields": {"action_time": "2020-04-29T14:03:18.580Z", "user": 2, "content_type": 11, "object_id": "36", "object_repr": "Select initiative report category", "action_flag": 2, "change_message": "[{\"added\": {\"name\": \"Voice Service\", \"object\": \"(Select initiative report category): Sustainability\"}}, {\"changed\": {\"name\": \"Voice Service\", \"object\": \"(Select initiative report category): Wages\", \"fields\": [\"Redirect element\"]}}, {\"changed\": {\"name\": \"Voice Service\", \"object\": \"(Select initiative report category): Labor circumstances\", \"fields\": [\"Redirect element\"]}}, {\"changed\": {\"name\": \"Voice Service\", \"object\": \"(Select initiative report category): Management\", \"fields\": [\"Redirect element\"]}}]"}}, {"model": "admin.logentry", "pk": 179, "fields": {"action_time": "2020-04-29T14:03:33.296Z", "user": 2, "content_type": 11, "object_id": "40", "object_repr": "Confirm or discard incident", "action_flag": 2, "change_message": "[{\"changed\": {\"name\": \"Voice Service\", \"object\": \"(Confirm or discard incident): Confirm and submit\", \"fields\": [\"Redirect element\"]}}, {\"changed\": {\"name\": \"Voice Service\", \"object\": \"(Confirm or discard incident): Discard this report\", \"fields\": [\"Redirect element\"]}}]"}}, {"model": "admin.logentry", "pk": 180, "fields": {"action_time": "2020-04-29T14:03:50.554Z", "user": 2, "content_type": 11, "object_id": "43", "object_repr": "Confirm or discard initiative", "action_flag": 2, "change_message": "[{\"changed\": {\"name\": \"Voice Service\", \"object\": \"(Confirm or discard initiative): Confirm and submit\", \"fields\": [\"Redirect element\"]}}, {\"changed\": {\"name\": \"Voice Service\", \"object\": \"(Confirm or discard initiative): Discard this report\", \"fields\": [\"Redirect element\"]}}]"}}, {"model": "admin.logentry", "pk": 181, "fields": {"action_time": "2020-04-29T14:04:54.183Z", "user": 2, "content_type": 14, "object_id": "68", "object_repr": "Message: Confirm report discarded", "action_flag": 2, "change_message": "[{\"changed\": {\"fields\": [\"Redirect element\"]}}]"}}, {"model": "admin.logentry", "pk": 182, "fields": {"action_time": "2020-04-29T14:05:11.768Z", "user": 2, "content_type": 14, "object_id": "67", "object_repr": "Message: Dummy for report retrieval 2", "action_flag": 2, "change_message": "[{\"changed\": {\"fields\": [\"Redirect element\"]}}]"}}, {"model": "admin.logentry", "pk": 183, "fields": {"action_time": "2020-04-29T14:05:21.512Z", "user": 2, "content_type": 14, "object_id": "66", "object_repr": "Message: Dummy for report retrieval 1", "action_flag": 2, "change_message": "[{\"changed\": {\"fields\": [\"Redirect element\"]}}]"}}, {"model": "admin.logentry", "pk": 184, "fields": {"action_time": "2020-04-29T14:05:28.708Z", "user": 2, "content_type": 14, "object_id": "65", "object_repr": "Message: The reports of the last month are", "action_flag": 2, "change_message": "[{\"changed\": {\"fields\": [\"Redirect element\"]}}]"}}, {"model": "admin.logentry", "pk": 185, "fields": {"action_time": "2020-04-29T14:05:43.710Z", "user": 2, "content_type": 14, "object_id": "65", "object_repr": "Message: The reports of the last month are", "action_flag": 2, "change_message": "[{\"changed\": {\"fields\": [\"Redirect element\"]}}]"}}, {"model": "admin.logentry", "pk": 186, "fields": {"action_time": "2020-04-29T14:05:51.567Z", "user": 2, "content_type": 14, "object_id": "64", "object_repr": "Message: The reports of the last year are", "action_flag": 2, "change_message": "[{\"changed\": {\"fields\": [\"Redirect element\"]}}]"}}, {"model": "admin.logentry", "pk": 187, "fields": {"action_time": "2020-04-29T14:07:11.901Z", "user": 2, "content_type": 14, "object_id": "51", "object_repr": "Message: Confirm selection Delta", "action_flag": 2, "change_message": "[{\"changed\": {\"fields\": [\"Name\"]}}]"}}]